Шлях до файлу,Справжній клас,Розпізнаний клас
dataset/raw-img\pecora\ea35b50d2df2093ed1584d05fb1d4e9fe777ead218ac104497f5c978a6ebb3bf_640.jpg,pecora,pecora
dataset/raw-img\ragno\OIP-POOYRTYyIqvsEPv2_gmGsgHaHe.jpeg,ragno,ragno
dataset/raw-img\gallina\OIP-IrAPk-lvzosFMD4Pb7y0cwHaFj.jpeg,gallina,gallina
dataset/raw-img\ragno\OIP-2drUTtwZ8GTjIWA0T9nSJgHaE7.jpeg,ragno,ragno
dataset/raw-img\gallina\OIP-rlHOrR8H93sMvGK4dqFtcgHaFj.jpeg,gallina,gallina
dataset/raw-img\gallina\OIP-PyI-QD08YMK9QL1hoNlnDgHaE9.jpeg,gallina,gallina
dataset/raw-img\ragno\OIP-__HPppHyk7d0izZybMZ9bgAAAA.jpeg,ragno,ragno
dataset/raw-img\elefante\ee35b1072af21c22d2524518b7444f92e37fe5d404b0144390f8c07aa4e5b0_640.jpg,elefante,elefante
dataset/raw-img\farfalla\ea37b6062ffd043ed1584d05fb1d4e9fe777ead218ac104497f5c97faee8b1b8_640.jpg,farfalla,farfalla
dataset/raw-img\gatto\ea37b8072af5063ed1584d05fb1d4e9fe777ead218ac104497f5c978a7eebdbb_640.jpg,gatto,gatto
dataset/raw-img\farfalla\OIP-mF1Lgz6MzMKNP5lsEF1kWAHaE8.jpeg,farfalla,farfalla
dataset/raw-img\gallina\OIP-5poiIVmVCZS-3lch6rRXJQHaHa.jpeg,gallina,gallina
dataset/raw-img\ragno\OIP-hpgafrep9PR3OqgfyV1SQQHaFj.jpeg,ragno,ragno
dataset/raw-img\cane\OIP-8z546_Clw-iatfo29nBjPQHaJ4.jpeg,cane,cane
dataset/raw-img\ragno\OIP-_yUqpEJovWvPJuMF3oWJowHaF3.jpeg,ragno,ragno
dataset/raw-img\cane\OIP-M5kOzoZDnPMAIckfyPe1fQHaLH.jpeg,cane,cane
dataset/raw-img\cavallo\OIP-eLv4fZhi9uN4MfW5RvOy8QHaE8.jpeg,cavallo,cavallo
dataset/raw-img\farfalla\OIP-EkFr4t-wDeNf54WHB6vDGQHaFj.jpeg,farfalla,farfalla
dataset/raw-img\gallina\OIP-3DbkXNZfduFS_rGJb2GXIwHaFj.jpeg,gallina,gallina
dataset/raw-img\ragno\e834b40c21f3053ed1584d05fb1d4e9fe777ead218ac104497f5c97ca5ecb5b1_640.jpg,ragno,ragno
dataset/raw-img\farfalla\OIP-H44u8SXh33OaL6z40MSFGgHaHa.jpeg,farfalla,farfalla
dataset/raw-img\cane\OIP-6DV5GvBbWwVgx6zmn1Pi_AHaFj.jpeg,cane,cane
dataset/raw-img\mucca\OIP-_Uj2DhvKfUsRF2V0V9ufDQHaFk.jpeg,mucca,mucca
dataset/raw-img\scoiattolo\OIP--jetpzMfSC9Xud2PtHP2SQHaEK.jpeg,scoiattolo,cane
dataset/raw-img\gallina\OIP-oFJRs90B6RMk5ZdShl4g2QHaFj.jpeg,gallina,gallina
dataset/raw-img\cane\OIP-uR-3N6OjU4yMRwsZ6FoR_AHaE8.jpeg,cane,cane
dataset/raw-img\cavallo\OIP-spXWXeDgpUIWVQjLf5ANkQHaKD.jpeg,cavallo,cavallo
dataset/raw-img\ragno\OIP-IX-FWFXwdFQa-5ifMBjcwAHaF1.jpeg,ragno,ragno
dataset/raw-img\scoiattolo\OIP-74sD_IjGYXucEibCgRwexAHaGL.jpeg,scoiattolo,scoiattolo
dataset/raw-img\gallina\OIP-zNV98pab43B-kuYqFn_X9QHaE7.jpeg,gallina,gallina
dataset/raw-img\cane\OIP-vd4SJFK9SbjyWadU5yGytAHaEm.jpeg,cane,cane
dataset/raw-img\farfalla\eb3db2082dfc083ed1584d05fb1d4e9fe777ead218ac104497f5c97faee9bdba_640.jpg,farfalla,farfalla
dataset/raw-img\ragno\OIP-KKrNLsO8j5vpbUgyGY-0NQHaE6.jpeg,ragno,ragno
dataset/raw-img\ragno\OIP-JOCExBmMzTpCWdFvrRdKJQHaGW.jpeg,ragno,ragno
dataset/raw-img\ragno\OIP-FfT1PAtavv25hWe8PWSN0wHaE7.jpeg,ragno,ragno
dataset/raw-img\gallina\OIP-g821jZjqjdsyxSI_0L04uQAAAA.jpeg,gallina,scoiattolo
dataset/raw-img\cane\OIP-5hiO3yuzh3KkM0FlflicSAHaFK.jpeg,cane,mucca
dataset/raw-img\ragno\OIP-D2pXu3FOqoK_IR2_HWICGQHaE8.jpeg,ragno,gallina
dataset/raw-img\ragno\OIP-AJ8pf-iB7QWT4IUS47tqggHaHa.jpeg,ragno,ragno
dataset/raw-img\cavallo\OIP-L_Xld2dqU7AWBQYaeHwiHQHaFc.jpeg,cavallo,cavallo
dataset/raw-img\elefante\eb34b20a2bf4063ed1584d05fb1d4e9fe777ead218ac104497f5c978a4efbcb0_640.jpg,elefante,elefante
dataset/raw-img\cavallo\OIP-4rEZcalQFJMV3PWn6_7O6QHaGC.jpeg,cavallo,cavallo
dataset/raw-img\gallina\OIP-RyxILCHn80rwLJW6XHSdGgHaDl.jpeg,gallina,gallina
dataset/raw-img\pecora\OIP-GE9Nizf-56YhSwzFadt_XgHaF7.jpeg,pecora,pecora
dataset/raw-img\ragno\OIP-KDVjHglTmV_5XutkTCdcDgHaE7.jpeg,ragno,ragno
dataset/raw-img\farfalla\OIP-83wRsZ6W7tmwFzchPBUDfAHaLG.jpeg,farfalla,farfalla
dataset/raw-img\cane\OIP-wQvXMMmyfF7tcLjsJ366CAHaEn.jpeg,cane,cane
dataset/raw-img\pecora\OIP-DA4OK4pmLWr9b82pAqiCqwAAAA.jpeg,pecora,mucca
dataset/raw-img\cane\OIP-3K1Y070zliIWG7NWZMpwPQHaE6.jpeg,cane,scoiattolo
dataset/raw-img\elefante\OIP-adaq4IuMkzFB3f9IyeCRcwHaD4.jpeg,elefante,elefante
dataset/raw-img\gallina\108.jpeg,gallina,gallina
dataset/raw-img\gallina\OIP-2mmmW-CslXEcush0zDYrJQHaIL.jpeg,gallina,gallina
dataset/raw-img\cavallo\OIP-xlRR0uZ29SdQYRQn6nJgawAAAA.jpeg,cavallo,cavallo
dataset/raw-img\farfalla\ea36b4072ffc023ed1584d05fb1d4e9fe777ead218ac104497f5c97faee9bdba_640.jpg,farfalla,farfalla
dataset/raw-img\ragno\eb33b00f2ff0003ed1584d05fb1d4e9fe777ead218ac104497f5c97ca5ecb3b9_640.jpg,ragno,ragno
dataset/raw-img\farfalla\OIP-VMsRcPuxSLf_o-rDHd-QBAHaEK.jpeg,farfalla,farfalla
dataset/raw-img\cane\OIP-QSo5-2MRixdf513vPbr-EgHaEI.jpeg,cane,cane
dataset/raw-img\gatto\e836b20c21f6073ed1584d05fb1d4e9fe777ead218ac104497f5c978a7eebdbb_640.jpg,gatto,gatto
dataset/raw-img\farfalla\eb32b20e2cfd043ed1584d05fb1d4e9fe777ead218ac104497f5c97faeebb5bb_640.jpg,farfalla,farfalla
dataset/raw-img\scoiattolo\OIP-9rZNmXEZR0M46G3GbH5NHQHaFj.jpeg,scoiattolo,scoiattolo
dataset/raw-img\scoiattolo\OIP-1jjnojRaDCReHMWegNzXewHaFH.jpeg,scoiattolo,scoiattolo
dataset/raw-img\scoiattolo\OIP-d6s0xD6niqf80XjzeG7htgHaFu.jpeg,scoiattolo,scoiattolo
dataset/raw-img\mucca\OIP-8GfVhmDFmdg6nNMznRD9QQHaFI.jpeg,mucca,mucca
dataset/raw-img\farfalla\OIP-bjIXUXgRYPn-Xphysn1HyAHaHa.jpeg,farfalla,farfalla
dataset/raw-img\ragno\OIP-2d-brJXNQDCgdleqn06VbAHaGG.jpeg,ragno,ragno
dataset/raw-img\ragno\OIP-YSRlacJJHUH4pPbEBR8vqwHaFj.jpeg,ragno,ragno
dataset/raw-img\scoiattolo\OIP-um4_xfqUsC8axBnXfvhdtgHaFi.jpeg,scoiattolo,scoiattolo
dataset/raw-img\gallina\OIP-BpoPxYiI-NHGdbwR0lwjDQHaF7.jpeg,gallina,gallina
dataset/raw-img\ragno\OIP-8rGuDyqSnk4OIOr25uPKkAHaF7.jpeg,ragno,ragno
dataset/raw-img\cane\OIP-O8g3K7NgPenyYP56n37cPwHaFO.jpeg,cane,cane
dataset/raw-img\farfalla\OIP-9TlVIeBMdP1iWDGujfjqQwHaFj.jpeg,farfalla,scoiattolo
dataset/raw-img\pecora\OIP-GeRnJFdeE-Hsj3VOTEl5KAHaEK.jpeg,pecora,pecora
dataset/raw-img\ragno\OIP-EFHHEtcDjm_Vasbe0vI63gHaHa.jpeg,ragno,ragno
dataset/raw-img\scoiattolo\OIP-EeVVmTElGMCji89a1jPVZAHaFj.jpeg,scoiattolo,scoiattolo
dataset/raw-img\farfalla\OIP-0f0rumiaqCzPrIXEY4CU7gHaIt.jpeg,farfalla,farfalla
dataset/raw-img\cane\OIP-NNf5KhwrIUaPTiEjKtwwlgHaHa.jpeg,cane,cane
dataset/raw-img\cavallo\OIP-DI3UatOMnzyFs0UP585WFgHaFj.jpeg,cavallo,cavallo
dataset/raw-img\mucca\OIP-QluQD01gbss266ut7FcjPwHaE8.jpeg,mucca,mucca
dataset/raw-img\cane\OIP-f826OLp_O6OzkrNKbyaKrQHaII.jpeg,cane,cane
dataset/raw-img\cavallo\OIP-pQ4wf2JhFIVoFzFPy28FiAAAAA.jpeg,cavallo,cavallo
dataset/raw-img\cane\OIP-EyQjw7HegEiqMa1IEUqFTwHaJt.jpeg,cane,cane
dataset/raw-img\scoiattolo\OIP-B-tekNNdhRmYFkC2HipLQgHaEK.jpeg,scoiattolo,scoiattolo
dataset/raw-img\cane\OIP-cmE6p_x7J2mHehdBhpIIlQHaGJ.jpeg,cane,cane
dataset/raw-img\pecora\OIP-v-uZYEg0xumUzWnRytd86AHaIx.jpeg,pecora,pecora
dataset/raw-img\cane\OIP-I2c1mjKMwSqMzcjvucCzsAHaLH.jpeg,cane,cane
dataset/raw-img\cane\OIP-R_PmQFKl33fHN34KqtnxiQHaFj.jpeg,cane,cane
dataset/raw-img\pecora\OIP-VwvJvwpDRf628DNvB2HBQgHaFU.jpeg,pecora,pecora
dataset/raw-img\pecora\OIP-K6B6oldtG0MpytL6ywzDYAAAAA.jpeg,pecora,pecora
dataset/raw-img\ragno\OIP-sWyDfd3I39eDd9mJr7WFOQHaE8.jpeg,ragno,ragno
dataset/raw-img\gallina\OIP-tJQoMCdjlclL3IwclTsmHQHaFz.jpeg,gallina,gallina
dataset/raw-img\cane\OIP-xN52sgPY4ZYj4O1dmKPPMgHaF6.jpeg,cane,cane
dataset/raw-img\ragno\OIP-XqA4D3bfoeGFjG54UBsCMwHaEK.jpeg,ragno,ragno
dataset/raw-img\cane\OIP-oGSGqdBez86_n3CzLmA9OQHaE8.jpeg,cane,cane
dataset/raw-img\pecora\OIP-zAHUNWHBXSZH6aVfjtgSNwHaHv.jpeg,pecora,pecora
dataset/raw-img\mucca\OIP-jREM331uuQpiqRTMePdzzwHaGE.jpeg,mucca,mucca
dataset/raw-img\gallina\OIP-92MqYQVcRC4GMKfoeEy6mwAAAA.jpeg,gallina,gallina
dataset/raw-img\pecora\ea35b7072cf3083ed1584d05fb1d4e9fe777ead218ac104497f5c978a6e8b0b1_640.jpg,pecora,pecora
dataset/raw-img\cane\OIP-u9OkdEiYx8ONjUNHrvPKywHaFj.jpeg,cane,cane
dataset/raw-img\elefante\OIP-6hEIbAbaWJJdZmVwzMEnmwHaEO.jpeg,elefante,elefante
dataset/raw-img\ragno\OIP-joHOOC3lIYUJd6DYZrrAywHaGC.jpeg,ragno,ragno
dataset/raw-img\farfalla\ea36b0092bfd073ed1584d05fb1d4e9fe777ead218ac104497f5c97faee8b1b8_640.jpg,farfalla,farfalla
dataset/raw-img\scoiattolo\OIP-w-iiqMehb38TTSVRrcxaigHaDt.jpeg,scoiattolo,gatto
dataset/raw-img\ragno\OIP-K5iwVYRI9y7BcZ9aKA1VDAHaE6.jpeg,ragno,ragno
dataset/raw-img\scoiattolo\OIP-hdBdyWUTGh0plvg7_-GIMQHaFb.jpeg,scoiattolo,scoiattolo
dataset/raw-img\pecora\OIP-JZfjKKG9PjKU4eUGupDrBAHaKj.jpeg,pecora,pecora
dataset/raw-img\cane\OIP-fgRIwJ8NtddztqKQDPLalQAAAA.jpeg,cane,cane
dataset/raw-img\scoiattolo\OIP-_GGhpT1ecnjpxh5w86ainwHaE7.jpeg,scoiattolo,scoiattolo
dataset/raw-img\gatto\1507.jpeg,gatto,gatto
dataset/raw-img\cavallo\OIP-rpDEzsvS868dRlc5THrQrgHaGt.jpeg,cavallo,cavallo
dataset/raw-img\cane\OIP-XsDxuBsONvTmJvYfYNwWSwHaFj.jpeg,cane,cane
dataset/raw-img\cane\OIP-LNXGxSQiUQkB5hFq8wn-GgHaMb.jpeg,cane,cane
dataset/raw-img\gallina\OIP-eQfn452_RTuXPFTEw7vjJQHaFj.jpeg,gallina,gallina
dataset/raw-img\cane\OIP-ljJTAd_9URlFLPL-bS10jgHaF7.jpeg,cane,scoiattolo
dataset/raw-img\elefante\e835b2082bf7093ed1584d05fb1d4e9fe777ead218ac104497f5c978a4eebdbd_640.jpg,elefante,elefante
dataset/raw-img\farfalla\OIP-71PNAQ7-1SR6Jgd-LF4qogHaEK.jpeg,farfalla,farfalla
dataset/raw-img\elefante\OIP-UNCKN9NAN7yoicFPX1yB9gHaE8.jpeg,elefante,elefante
dataset/raw-img\cavallo\OIP-gnhOga2iQOIxMYDqEBnKDQHaKD.jpeg,cavallo,cavallo
dataset/raw-img\cane\OIP-3BXwOuzlBQjN_zZ_zfQ1kgHaFj.jpeg,cane,cane
dataset/raw-img\cane\OIP-qASXboJf-I1kz3g1orhNKQHaFC.jpeg,cane,cane
dataset/raw-img\farfalla\OIP-l3sdL9WYVWhUfsIVGHPBiAHaFg.jpeg,farfalla,ragno
dataset/raw-img\ragno\OIP-0zJcREmlEcHE40oybscACAHaE7.jpeg,ragno,ragno
dataset/raw-img\farfalla\ea36b00d2af2013ed1584d05fb1d4e9fe777ead218ac104497f5c97faee8b1b8_640.jpg,farfalla,farfalla
dataset/raw-img\cane\OIP-HkYCRz0zDHj1mhaDbEOV3wHaFj.jpeg,cane,cane
dataset/raw-img\farfalla\OIP-QChmuXSt6KoZ3j5kPdDpogHaEK.jpeg,farfalla,farfalla
dataset/raw-img\ragno\OIP-PJTAhUYRD72V-n_wHeeNpQHaE7.jpeg,ragno,ragno
dataset/raw-img\gallina\1218.jpeg,gallina,gallina
dataset/raw-img\gallina\OIP-XGXeK06cT5e8Ozu6HjSgiAHaFj.jpeg,gallina,gallina
dataset/raw-img\farfalla\ea36b50a2ef2023ed1584d05fb1d4e9fe777ead218ac104497f5c97faee9bdba_640.jpg,farfalla,farfalla
dataset/raw-img\scoiattolo\OIP-tRPpY8FFNBDM7Vu3EshfqQHaLJ.jpeg,scoiattolo,scoiattolo
dataset/raw-img\ragno\OIP-lWUT7gpBXo96-gaM8keF0gHaGD.jpeg,ragno,ragno
dataset/raw-img\scoiattolo\OIP-ynPgue9MX5T_rLNTIdixTQHaGL.jpeg,scoiattolo,scoiattolo
dataset/raw-img\ragno\OIP-O3QQUy1rW6ddI8e8ysT_8AHaEL.jpeg,ragno,ragno
dataset/raw-img\cane\OIP-kQKPyJL2kEwLLVMF4-6QfAHaDz.jpeg,cane,cane
dataset/raw-img\pecora\OIP-PAhQdqr3qoAnMSWC_UjqRAHaFj.jpeg,pecora,pecora
dataset/raw-img\ragno\OIP-Y1OLC6HhNFoD9ZRsFgtdAgHaE7.jpeg,ragno,ragno
dataset/raw-img\gallina\OIP-u2p7bbpwNEJlffZGqjCREAHaFj.jpeg,gallina,gallina
dataset/raw-img\cavallo\OIP-K71X2XaN36FJAJVRs9x8nwHaFy.jpeg,cavallo,cavallo
dataset/raw-img\farfalla\eb32b8072bfd043ed1584d05fb1d4e9fe777ead218ac104497f5c97faee9bdba_640.png,farfalla,farfalla
dataset/raw-img\gatto\43.jpeg,gatto,gatto
dataset/raw-img\cavallo\OIP-sWepSeSdZ9bvAD0pArPuMwHaFj.jpeg,cavallo,cavallo
dataset/raw-img\cane\OIP-vI2Lhmk-66-Ioq3MPY584QHaEK.jpeg,cane,cane
dataset/raw-img\cane\OIP-qLp9ZPGlvzCgvRRp5pukyQHaJa.jpeg,cane,cane
dataset/raw-img\gallina\OIP-NNeTOAtbuufcw69JvcPXfAHaFj.jpeg,gallina,gallina
dataset/raw-img\cane\OIP-FjXAQa6nUYv8MSE2iL-VqQHaE7.jpeg,cane,cane
dataset/raw-img\mucca\OIP-bZYNerxduTAR3t-99nGOggHaFN.jpeg,mucca,mucca
dataset/raw-img\farfalla\OIP-yaateVH_7hxv7C9HiUPqUAHaE8.jpeg,farfalla,farfalla
dataset/raw-img\ragno\OIP-OXNwuHlwUVopvVMLjEeE3ADjEs.jpeg,ragno,ragno
dataset/raw-img\cane\OIP-Q30A9AaRef_PYrEvKMb3YgHaG5.jpeg,cane,cane
dataset/raw-img\pecora\OIP-mhl0R_9MTFBIgB6KvtUHmAHaFj.jpeg,pecora,pecora
dataset/raw-img\ragno\OIP-bzr_6r8OS-S31RF1RoZnAwHaFj.jpeg,ragno,ragno
dataset/raw-img\ragno\OIP-mg_1YdXehBsuEmW0fi5JYAAAAA.jpeg,ragno,ragno
dataset/raw-img\gallina\OIP-4LiAVjhQSs9qawNVEuXbFQAAAA.jpeg,gallina,gallina
dataset/raw-img\mucca\OIP-3wKb-xBOBNGr0LwTqC1XuAHaE6.jpeg,mucca,mucca
dataset/raw-img\scoiattolo\OIP-IZr_qhDfR5ovQG4JPUPb5wHaE8.jpeg,scoiattolo,scoiattolo
dataset/raw-img\cane\OIP-lIXeMfctBCxgYwLkftJaBwAAAA.jpeg,cane,cane
dataset/raw-img\ragno\OIP-mbFmIslAsakCUxG0zO8RYQHaGF.jpeg,ragno,ragno
dataset/raw-img\cane\OIP-oq9aYIPngwp6Fox2EU4B4wHaFL.jpeg,cane,cane
dataset/raw-img\farfalla\OIP-t8Wnz_y3QGXpk0h3i5vg3gHaGy.jpeg,farfalla,farfalla
dataset/raw-img\cavallo\OIP-vvE_nSCApamk4t5ilVHIoAHaL3.jpeg,cavallo,cavallo
dataset/raw-img\cane\OIP-mJtyCxDDt6ow5nNV9oaLxwHaE7.jpeg,cane,cane
dataset/raw-img\farfalla\OIP-KxnolKM4957ZMsVSqwSZjAHaJQ.jpeg,farfalla,farfalla
dataset/raw-img\mucca\OIP-5OxC7CZYRz0VOnH_SJfljgHaFl.jpeg,mucca,mucca
dataset/raw-img\cane\OIP-SOIq85i9DmnIQKSjZsJNTQHaIK.jpeg,cane,cane
dataset/raw-img\cane\OIP-3Q2blzQrTFgESJBvEfQhagHaFj.jpeg,cane,cane
dataset/raw-img\ragno\eb3cb3082af0073ed1584d05fb1d4e9fe777ead218ac104497f5c97ca5edb3bd_640.png,ragno,ragno
dataset/raw-img\farfalla\OIP-MzjEhRugSo9NTQLJYKH8hQHaE-.jpeg,farfalla,farfalla
dataset/raw-img\gallina\OIP-QE58-O4WQctOyEbathv6OwHaFj.jpeg,gallina,gallina
dataset/raw-img\gallina\OIP-Zjl0jiU02z6qqitXNl9U4gHaEK.jpeg,gallina,gallina
dataset/raw-img\pecora\ea35b7072bfc033ed1584d05fb1d4e9fe777ead218ac104497f5c978a6ebb3bf_640.jpg,pecora,pecora
dataset/raw-img\scoiattolo\OIP-ikc8wHOzPfLCxLBFPEbCxQHaHa.jpeg,scoiattolo,scoiattolo
dataset/raw-img\cavallo\OIP-IJc-tspAUyF6SdeqoigzjwHaE_.jpeg,cavallo,cavallo
dataset/raw-img\scoiattolo\OIP-4PZHy368pf-BA-aEe1EW7QHaE8.jpeg,scoiattolo,gatto
dataset/raw-img\cane\OIP-ack-EiVoD7mt2J3EUE-nJwHaFd.jpeg,cane,cane
dataset/raw-img\gatto\1452.jpeg,gatto,gatto
dataset/raw-img\mucca\OIP-K25yN0_EQ0oLAnjvewnW2AHaFj.jpeg,mucca,mucca
dataset/raw-img\gallina\OIP-q9uKB5uOVghN89IR-uJmMAHaFj.jpeg,gallina,gallina
dataset/raw-img\cane\OIP-F3LHFSvBMjjkgB2j0EC46QHaIJ.jpeg,cane,cane
dataset/raw-img\ragno\OIP-wwydM_nSjR4syjDzl3NV3AAAAA.jpeg,ragno,ragno
dataset/raw-img\elefante\OIP-sS7okrsKnRJhJUj0BeY2wgHaEK.jpeg,elefante,elefante
dataset/raw-img\pecora\OIP-xBug0Zy8Q-_hjyTxiewDlAHaDP.jpeg,pecora,pecora
dataset/raw-img\farfalla\OIP-wmDPGUE_hDyBpuBi2bsuggHaE8.jpeg,farfalla,farfalla
dataset/raw-img\mucca\OIP-twKvWm6W75TD7tZi_YkhpQAAAA.jpeg,mucca,mucca
dataset/raw-img\gatto\575.jpeg,gatto,gatto
dataset/raw-img\pecora\OIP-Oi5aF5VjArS3G8GBL2tjEgHaFj.jpeg,pecora,pecora
dataset/raw-img\mucca\OIP-kbTiZGjlxW7YBCpfNaFJ1gHaFS.jpeg,mucca,mucca
dataset/raw-img\cavallo\OIP-SrtJbq9KbmFcqJQOkLY5UwHaGz.jpeg,cavallo,cavallo
dataset/raw-img\cavallo\OIP-PY4tkVeBo0Xic5dKdqhjuwHaFj.jpeg,cavallo,cavallo
dataset/raw-img\ragno\OIP-76lcBawg7fnvm3sGgyugvQHaFJ.jpeg,ragno,ragno
dataset/raw-img\cavallo\OIP-8w2SQDs-4coqkjbSAvUpiQHaI_.jpeg,cavallo,cane
dataset/raw-img\cavallo\OIP-iw62la8sr4888-V-S0J1vwHaFc.jpeg,cavallo,cavallo
dataset/raw-img\ragno\OIP-RhDR3Xm3kPCTg-wN84Uv9AHaLJ.jpeg,ragno,gallina
dataset/raw-img\elefante\ea34b90b21f7063ed1584d05fb1d4e9fe777ead218ac104497f5c978a4efb4bb_640.jpg,elefante,elefante
dataset/raw-img\gatto\sam-burriss-378658-unsplash.jpg,gatto,gatto
dataset/raw-img\ragno\OIP-vaAbp9K3WzSX80WqwTdH9AHaHG.jpeg,ragno,ragno
dataset/raw-img\gallina\OIP-ijg32a9MGnKZyTA2BKMn5gHaEK.jpeg,gallina,gallina
dataset/raw-img\farfalla\ea37b3092df3043ed1584d05fb1d4e9fe777ead218ac104497f5c97faee8b1b8_640.jpg,farfalla,farfalla
dataset/raw-img\gallina\OIP-gQAhtEuSzWUc7bLg5FnzmAHaFj.jpeg,gallina,gallina
dataset/raw-img\pecora\eb32b4062afc1c22d2524518b7444f92e37fe5d404b0144390f8c078a1ebb2_640.jpg,pecora,pecora
dataset/raw-img\cane\OIP-gnDdOxlhnJuJT_wX9hASrwHaE_.jpeg,cane,cane
dataset/raw-img\ragno\OIP--yAiLtilIcpRbafXPMw-_wHaGO.jpeg,ragno,ragno
dataset/raw-img\scoiattolo\OIP-vB2AnLR33Hqy7McabJTYZgHaFt.jpeg,scoiattolo,scoiattolo
dataset/raw-img\elefante\OIP-nXmtX3dcgbK1YPA3YkRlGwHaFQ.jpeg,elefante,elefante
dataset/raw-img\cavallo\OIP-YXBeTMpCeTPj_AlY9j3w-AHaE9.jpeg,cavallo,cavallo
dataset/raw-img\cavallo\OIP-XIpit4In7_ltF0Cp-3bi7gHaFj.jpeg,cavallo,cavallo
dataset/raw-img\cane\OIP-xSkwg8pef-uIilK26ryB_gHaEK.jpeg,cane,cane
dataset/raw-img\elefante\OIP-SPrEJS7cpLAi09zk4juyYgHaE6.jpeg,elefante,elefante
dataset/raw-img\cane\OIP-ptb3J0qnyKS0Wtt7cnAZoAHaEK.jpeg,cane,cane
dataset/raw-img\farfalla\OIP-yLPxCv0d8yJGudDbf7LbKwHaFj.jpeg,farfalla,farfalla
dataset/raw-img\gallina\1041.jpeg,gallina,scoiattolo
dataset/raw-img\elefante\OIP-N_zc69BT4y1WuvFNGcbqqQHaEu.jpeg,elefante,elefante
dataset/raw-img\ragno\OIP-y8GPU8H1a3IvDSJhat_KNQHaFj.jpeg,ragno,ragno
dataset/raw-img\ragno\OIP-mjCdW55UO5HzD3yntNL2FwEsDH.jpeg,ragno,ragno
dataset/raw-img\ragno\OIP-KmnIFUH09LrEmodg7lrDhAHaI4.jpeg,ragno,ragno
dataset/raw-img\mucca\OIP-dGHDDPErXR5X3tpBaPpqfgHaI3.jpeg,mucca,mucca
dataset/raw-img\farfalla\OIP-on1EKnz0x4wrWx-hyFuxxQHaFo.jpeg,farfalla,farfalla
dataset/raw-img\cavallo\OIP-fOg5lw-PyF5EBqyQ7Bq1aAHaGJ.jpeg,cavallo,mucca
dataset/raw-img\cane\OIP-mrKyPYWVl9Psf8Dc_2f_NwHaFN.jpeg,cane,cane
dataset/raw-img\ragno\OIP-XA3lN5C3FhxuAtPAkn6gawHaK2.jpeg,ragno,ragno
dataset/raw-img\mucca\OIP-Yqit4fRjcrPNUUBTCdefGgHaEK.jpeg,mucca,mucca
dataset/raw-img\cane\OIP-wjmPExUlVvKzO0XBTCNrkgHaH0.jpeg,cane,mucca
dataset/raw-img\elefante\OIP-r-UfJbYK4YDX2Bq0yvSQxAAAAA.jpeg,elefante,elefante
dataset/raw-img\pecora\OIP-VDlp1IUUdpfDnAi7RWbbjQHaFO.jpeg,pecora,pecora
dataset/raw-img\pecora\OIP-Mv_MJ13cWb35vq85oghvbwHaFH.jpeg,pecora,pecora
dataset/raw-img\cane\OIP-z1IPLHRjG7f0Mkh5iH-y6QHaFi.jpeg,cane,cane
dataset/raw-img\cane\OIP-JfaUMG2RdgUA2bmJAow1CAHaJK.jpeg,cane,cane
dataset/raw-img\cane\OIP-xhJgAZA0cru3YetCuS1UgwHaIm.jpeg,cane,cane
dataset/raw-img\mucca\OIP-9JR-d-IH3HfqKb2KBs7y_gHaE8.jpeg,mucca,mucca
dataset/raw-img\ragno\OIP-kJxqJl-CQLpas_R_uQ4tGAHaE7.jpeg,ragno,ragno
dataset/raw-img\gatto\1523.jpeg,gatto,gatto
dataset/raw-img\farfalla\OIP-KZoSb1UJiRLq8kCbYWyyHwAAAA.jpeg,farfalla,farfalla
dataset/raw-img\farfalla\OIP-auS_JDhDN-x4m93ziMPQVQHaE6.jpeg,farfalla,farfalla
dataset/raw-img\gallina\574.jpeg,gallina,gallina
dataset/raw-img\cane\OIP-ghhGNBPT-ubs5zYQSK8vkwHaI3.jpeg,cane,cane
dataset/raw-img\ragno\OIP-48dGfGDPmSNUF0QOOxVuPgEsDw.jpeg,ragno,ragno
dataset/raw-img\gatto\1660.jpeg,gatto,gatto
dataset/raw-img\farfalla\OIP-679ZlqcCUPiH82QAKLPu-wHaE9.jpeg,farfalla,farfalla
dataset/raw-img\gallina\OIP-nMeQm0IjV-H-0WirChNEGwHaFj.jpeg,gallina,gallina
dataset/raw-img\gatto\1649.jpeg,gatto,gatto
dataset/raw-img\farfalla\OIP-aoBpHaDsBzu3pJs4k0j2QAHaFj.jpeg,farfalla,farfalla
dataset/raw-img\cavallo\OIP-Tv_Z8YBw-mAaf_gWlffQcgHaHa.jpeg,cavallo,cavallo
dataset/raw-img\gallina\OIP-SlIVbzZWhv3G5tnw6eCMmwHaGk.jpeg,gallina,gallina
dataset/raw-img\cane\OIP-f0AzDZ7mEjUOrVdQukCnTwHaFj.jpeg,cane,cane
dataset/raw-img\mucca\OIP-Zs8RV9g3NsRDfiylg7yPwAHaE8.jpeg,mucca,mucca
dataset/raw-img\elefante\e833b20f2dfd1c22d2524518b7444f92e37fe5d404b0144390f8c07aa5ecb6_640.jpg,elefante,gatto
dataset/raw-img\ragno\OIP-zRof4W-2TVfXicih2EXAcAHaE8.jpeg,ragno,ragno
dataset/raw-img\cane\OIP-RjjaO8jyhuc2is2b8CU_fgHaFj.jpeg,cane,cane
dataset/raw-img\gallina\802.jpeg,gallina,gallina
dataset/raw-img\cane\OIP-HsNHP9EyP-q1NuZ6L0EiqAHaJd.jpeg,cane,cane
dataset/raw-img\cane\OIP-c20TIetmpyeztUkoHQXnhgAAAA.jpeg,cane,cane
dataset/raw-img\cane\OIP-w59yazuO7xWtEwqud6IAUQHaJ8.jpeg,cane,cane
dataset/raw-img\gallina\OIP-Ht782q1mz3EEHLGaZtKaAgHaEK.jpeg,gallina,gallina
dataset/raw-img\cane\OIP-bFX0On-ETANp6Gv1Ak_FAAHaHa.jpeg,cane,cane
dataset/raw-img\mucca\OIP-GO6y1sOBsmld9ONZx14ZJQHaFj.jpeg,mucca,mucca
dataset/raw-img\farfalla\OIP-9TuTjDDj2gqYw_aBm22-8AHaFj.jpeg,farfalla,mucca
dataset/raw-img\elefante\OIP-SPqo2n3-aUZYuzj3TrdPUQHaFW.jpeg,elefante,elefante
dataset/raw-img\ragno\OIP-OVqUPVGD1ErEeasmRPT1PAHaHa.jpeg,ragno,ragno
dataset/raw-img\cane\OIP-M6wF2RE2xlCy3zRaIQmNmAHaFj.jpeg,cane,cane
dataset/raw-img\gallina\OIP-It4U_2aELJB4U698NIEDawHaFj.jpeg,gallina,gallina
dataset/raw-img\ragno\OIP-gpbHMnWLg_iOWse2KMqd_QHaGn.jpeg,ragno,ragno
dataset/raw-img\cane\OIP-mdmhcgy6X9JIBPf_LVR_tgHaHa.jpeg,cane,cane
dataset/raw-img\gallina\946.jpeg,gallina,gallina
dataset/raw-img\mucca\OIP-UzEwy5JdDIp3Qr7TZR-7SgHaEK.jpeg,mucca,mucca
dataset/raw-img\pecora\OIP-EvwSg2I2e_CHstLM2w4jwQHaFj.jpeg,pecora,pecora
dataset/raw-img\mucca\OIP-yCWEU_ZFts2hKPG70J20kAHaFj.jpeg,mucca,mucca
dataset/raw-img\ragno\OIP-1p4IuddkZuB5R0ZAfp2I_wHaKm.jpeg,ragno,ragno
dataset/raw-img\gatto\512.jpeg,gatto,gatto
dataset/raw-img\gatto\188.jpeg,gatto,gatto
dataset/raw-img\cane\OIP-Dz6xoIpcz1OSu2klHKxtYgHaF3.jpeg,cane,cane
dataset/raw-img\scoiattolo\OIP-mj3bPqaTaAT8odWYQ_FX0QHaJK.jpeg,scoiattolo,scoiattolo
dataset/raw-img\ragno\OIP-gWzu6IZi_3rhmrNzxRjOXgHaHf.jpeg,ragno,ragno
dataset/raw-img\farfalla\OIP-19imCcN17hvaqDwQecDmnAHaGK.jpeg,farfalla,farfalla
dataset/raw-img\scoiattolo\OIP-lchQhEMT7yBud5vilf5VJgHaHz.jpeg,scoiattolo,scoiattolo
dataset/raw-img\ragno\OIP-LPbWiUFaXnoCcCeL1xfa9wHaE5.jpeg,ragno,ragno
dataset/raw-img\gallina\OIP-s919w2wXSXvDefTlGoeYowHaIy.jpeg,gallina,gallina
dataset/raw-img\scoiattolo\OIP-U7C4_etocUTfBg99QXHowwAAAA.jpeg,scoiattolo,scoiattolo
dataset/raw-img\cane\OIP-7rwYg4MvH6_EJkUqg0ZB6QHaG2.jpeg,cane,cane
dataset/raw-img\gallina\OIP-wFyGLTHvkzV3qTQ9VEv1MgHaF2.jpeg,gallina,gallina
dataset/raw-img\gallina\OIP-1uNnTf649Y6QQb0ixvuoAAHaEJ.jpeg,gallina,gallina
dataset/raw-img\cavallo\OIP-aKk4U-Hr2EzpMxSGjBEkiQHaLL.jpeg,cavallo,cavallo
dataset/raw-img\farfalla\OIP-ZBuoPmQzhSfiC7McazsV0wHaFj.jpeg,farfalla,farfalla
dataset/raw-img\ragno\OIP-qO7yPcEgzQmuOlo88awh2gHaHk.jpeg,ragno,ragno
dataset/raw-img\gallina\OIP-ruy73-Hv9JVFdOE_CedwbwHaFj.jpeg,gallina,gallina
dataset/raw-img\cane\OIP-vhQ6N1kiW7q21emgbL9P7wHaIP.jpeg,cane,cane
dataset/raw-img\mucca\OIP-SFL0jDAPDQc3zo9vE0k97gHaFj.jpeg,mucca,mucca
dataset/raw-img\gallina\816.jpeg,gallina,gallina
dataset/raw-img\ragno\OIP-Z-9nbhWv5KE3m6y2fE56rgHaEi.jpeg,ragno,ragno
dataset/raw-img\ragno\OIP-FyfB_E77S4_41CSq0WjfRQHaFG.jpeg,ragno,ragno
dataset/raw-img\gallina\OIP-mwqYAt_D3dE4_Q3vQargfwHaFj.jpeg,gallina,gallina
dataset/raw-img\cane\OIP-GRwcL0Hteht2MPYHdoUn2gHaHa.jpeg,cane,cane
dataset/raw-img\cane\OIP-Pi38yiTpjV-8w35foYZh2wHaJP.jpeg,cane,cane
dataset/raw-img\scoiattolo\OIP-cIlrGxs98NbXLNxYJ03BhAAAAA.jpeg,scoiattolo,scoiattolo
dataset/raw-img\ragno\OIP-GAAAdH_8KXKcWFVGEu4-UQHaFU.jpeg,ragno,ragno
dataset/raw-img\gallina\OIP-PziJB0SFBYZVexQK2HZbSAHaHa.jpeg,gallina,gallina
dataset/raw-img\cavallo\OIP-KgwxiD45b_uxH1E5la6xeQHaGN.jpeg,cavallo,cavallo
dataset/raw-img\gallina\OIP-cSz25ZlRYIBB0Qnz7HKJkgHaHa.jpeg,gallina,gallina
dataset/raw-img\cane\OIP-TaNbx2DLRLzNYq5-4_vrmQHaE7.jpeg,cane,cane
dataset/raw-img\cane\OIP-9_Uo_t2dEcP7pra6VM_04QHaJA.jpeg,cane,cane
dataset/raw-img\elefante\OIP-nYlqVxXSbV8g8JCHK47kdwHaLE.jpeg,elefante,elefante
dataset/raw-img\cavallo\OIP-u6ngh8QmJklz68xlsQEAZQHaE7.jpeg,cavallo,cavallo
dataset/raw-img\ragno\e03db4072cf01c22d2524518b7444f92e37fe5d404b0144390f8c47ba6edbc_640.jpg,ragno,ragno
dataset/raw-img\gallina\OIP-QFuuAbmPGbOjZt0d305fhAHaLH.jpeg,gallina,gallina
dataset/raw-img\farfalla\OIP-J9lxNDmOCuyq41-ipS1yGwHaFj.jpeg,farfalla,farfalla
dataset/raw-img\cavallo\OIP-k35mM-lbjLZIzid37Ju1rgHaEK.jpeg,cavallo,cavallo
dataset/raw-img\gallina\OIP-cKmFhr0zBKPTXF9MTKLwzgHaFj.jpeg,gallina,gallina
dataset/raw-img\mucca\OIP-dSyK2eAe1resQYWvHRp5aAHaE7.jpeg,mucca,mucca
dataset/raw-img\ragno\OIP-DCAFXr8OeFZGpMNfLpAGzgHaIT.jpeg,ragno,ragno
dataset/raw-img\cane\OIP-u1rEAdST7CMeNe_JeRF6LgHaGt.jpeg,cane,cane
dataset/raw-img\gallina\5.jpeg,gallina,gallina
dataset/raw-img\gallina\OIP-xm-3BaIvrrpA7-YO5qyEnwHaFj.jpeg,gallina,gallina
dataset/raw-img\cane\OIP-UfZUD-NXWqlpcIjKtHEp2QHaGt.jpeg,cane,cane
dataset/raw-img\ragno\OIP-6Sg6EJVBIpxPE8u4_LHv5gHaE8.jpeg,ragno,ragno
dataset/raw-img\cavallo\OIP-i1rJY82o3UKpCyMvzZaEpgHaFi.jpeg,cavallo,cavallo
dataset/raw-img\gatto\1106.jpeg,gatto,gatto
dataset/raw-img\mucca\OIP-enrvaCgsI0UPxMlyzWO_uAHaEr.jpeg,mucca,mucca
dataset/raw-img\gallina\OIP-Y4U78tmm0JCisCCWn6YttgHaJS.jpeg,gallina,gallina
dataset/raw-img\cavallo\OIP-9N4pM-_7zLzoH0CeccQmQAHaGE.jpeg,cavallo,mucca
dataset/raw-img\ragno\OIP-8M947971iDj_BkA6YiVm9gHaE8.jpeg,ragno,ragno
dataset/raw-img\scoiattolo\OIP-hHUaVuVhKUxrFylMqzqdDAHaE8.jpeg,scoiattolo,scoiattolo
dataset/raw-img\ragno\OIP-Eb80xBRI_ePsqmWLOY8eOQHaFj.jpeg,ragno,ragno
dataset/raw-img\ragno\OIP-QSdt2QX5Zo7uSoNKlVcYdQHaE8.jpeg,ragno,ragno
dataset/raw-img\gatto\332.jpeg,gatto,gatto
dataset/raw-img\ragno\OIP-HzzrzIOzfmgQ6Uuc9e2jYgHaE7.jpeg,ragno,ragno
dataset/raw-img\cane\OIP-dx3t5dLEy3RJ1IxBobPnuAHaFY.jpeg,cane,cane
dataset/raw-img\ragno\ea34b6092af2073ed1584d05fb1d4e9fe777ead218ac104497f5c97ca5ecb3b9_640.jpg,ragno,ragno
dataset/raw-img\ragno\OIP-38kguD5LC98x-WzjnoiRcgEsDk.jpeg,ragno,ragno
dataset/raw-img\gallina\OIP-fYCJ7KOxllNmwBvz7ax8BADXEi.jpeg,gallina,gallina
dataset/raw-img\mucca\OIP-fbg6olyclASFKumUwW-bmwHaEs.jpeg,mucca,mucca
dataset/raw-img\gallina\1140.jpeg,gallina,gallina
dataset/raw-img\cavallo\OIP-eA3yZjBtO6EqhG5XPLiVlgHaGG.jpeg,cavallo,cavallo
dataset/raw-img\farfalla\OIP-tUJYdW-2PksRvFXHyaMElgDgEV.jpeg,farfalla,farfalla
dataset/raw-img\gallina\OIP-agCYpLySZjvEz12QkG2mrgHaHE.jpeg,gallina,gallina
dataset/raw-img\cavallo\OIP-W8XovJhbAzIZBcDc4_12dwHaFK.jpeg,cavallo,cavallo
dataset/raw-img\gatto\1530.jpeg,gatto,gatto
dataset/raw-img\ragno\OIP-oOQGEoMYmjquxpQILN9W1gHaNK.jpeg,ragno,ragno
dataset/raw-img\cavallo\OIP-zbUXSJNmOibSFjyz7u4OOQHaEK.jpeg,cavallo,cavallo
dataset/raw-img\cane\OIP-A4yG18ZqzWUiZwxxdr7meQHaGT.jpeg,cane,cane
dataset/raw-img\cavallo\OIP-AtnG6SA_03-QzmPFGh-NngHaFj.jpeg,cavallo,mucca
dataset/raw-img\gallina\OIP-L4RmiD2Z6FZy7l-wy5BgbwHaFj.jpeg,gallina,gallina
dataset/raw-img\gallina\517.jpeg,gallina,farfalla
dataset/raw-img\cane\OIP-xf9B4n5iFJfl94aQaOx3SQHaFi.jpeg,cane,cane
dataset/raw-img\gallina\OIP-oTNTzGzTAm3jSjjSsVxGnwHaF4.jpeg,gallina,gallina
dataset/raw-img\gallina\OIP-pIR90C0Mcc6J47BxPWGjrQHaH3.jpeg,gallina,gallina
dataset/raw-img\gallina\OIP-xhvaGvk1X9a6HnCRtkkkdgHaFc.jpeg,gallina,gallina
dataset/raw-img\elefante\OIP-krk6Gzwb86iNvKgY6Vyf0AHaFj.jpeg,elefante,elefante
dataset/raw-img\pecora\OIP-wPAsDUhk20RyxqpcCn3nQwHaFb.jpeg,pecora,pecora
dataset/raw-img\gallina\OIP-6LP5pfpTQVkNZj4EundaMAHaJ4.jpeg,gallina,gallina
dataset/raw-img\elefante\OIP-v9Au4wvcOhj5MSMk421biQHaHa.jpeg,elefante,elefante
dataset/raw-img\cane\OIP-brKpU_1bfHZ_Fv5o7_Kx-wHaHa.jpeg,cane,cane
dataset/raw-img\gallina\OIP-sYNIUwH1jF9CjdUxxWGccwHaIM.jpeg,gallina,gallina
dataset/raw-img\cane\OIP-mChdyuYDNZqBCvyxyXglEgHaKp.jpeg,cane,cane
dataset/raw-img\elefante\OIP-zjO3Dp6jg-zilWTaQ184UgAAAA.jpeg,elefante,elefante
dataset/raw-img\farfalla\OIP-3t02-0hNa9uFlgzraAnQQwHaHR.jpeg,farfalla,farfalla
dataset/raw-img\farfalla\OIP-zdZAIubVm0NYpKeBu4zW5QHaFa.jpeg,farfalla,farfalla
dataset/raw-img\farfalla\OIP-UGyDlR6GXGPr9lr8_ERmOQHaJv.jpeg,farfalla,farfalla
dataset/raw-img\cavallo\OIP-w5VlhaCIEfKrqAXwJHTMTQHaFj.jpeg,cavallo,cavallo
dataset/raw-img\gatto\1192.jpeg,gatto,gatto
dataset/raw-img\cane\OIP-a6f_3NZnLLqQdT-Sr6NP1AAAAA.jpeg,cane,cane
dataset/raw-img\scoiattolo\OIP-eNHnsfJ3h6Vpt-4SBfRsEgHaFc.jpeg,scoiattolo,scoiattolo
dataset/raw-img\gallina\OIP-NDuqYKT8YDiIpwwywwEXKwHaFO.jpeg,gallina,gallina
dataset/raw-img\farfalla\ea36b30c2ef2053ed1584d05fb1d4e9fe777ead218ac104497f5c97faee8b1b8_640.jpg,farfalla,farfalla
dataset/raw-img\scoiattolo\OIP-wCeAtviBScM0YZhP_sZmlQHaFb.jpeg,scoiattolo,scoiattolo
dataset/raw-img\mucca\OIP-33DFPMwETYtM5jDb3mxOGAHaEE.jpeg,mucca,mucca
dataset/raw-img\gatto\ea34b90f2efd083ed1584d05fb1d4e9fe777ead218ac104497f5c978a7ebb0bb_640.jpg,gatto,gatto
dataset/raw-img\ragno\OIP-_uzDsOroCLVL8YCy9b4YKQHaHa.jpeg,ragno,ragno
dataset/raw-img\cane\OIP-R4VfMNi4GETQniIp7SvnqQHaFj.jpeg,cane,cane
dataset/raw-img\ragno\OIP-cO451atPzUMJAiqmYEjjaAHaFi.jpeg,ragno,ragno
dataset/raw-img\farfalla\OIP-hnULNKDpvO21yel2vtnp8wHaGN.jpeg,farfalla,farfalla
dataset/raw-img\farfalla\OIP-77GdvQVid2bO2gdIvCrx1QHaE5.jpeg,farfalla,scoiattolo
dataset/raw-img\gallina\546.jpeg,gallina,gallina
dataset/raw-img\gatto\652.jpeg,gatto,gatto
dataset/raw-img\cavallo\OIP-pKkExC4OYjlOio_ZryQbsAHaFT.jpeg,cavallo,cavallo
dataset/raw-img\gallina\741.jpeg,gallina,gallina
dataset/raw-img\mucca\OIP-CfADezm1osJA4LZ1UoJCeQHaFE.jpeg,mucca,mucca
dataset/raw-img\cavallo\OIP-4hPY1r3kQN7bnPRt1iBTCAHaEK.jpeg,cavallo,cane
dataset/raw-img\gallina\OIP-SHuw2i1tgctdFKEKodTboAHaFj.jpeg,gallina,gallina
dataset/raw-img\mucca\OIP-ekGFBUIoeUKSNaQdQn0EhwHaF7.jpeg,mucca,mucca
dataset/raw-img\elefante\OIP-xqs1Rb6Eki7e_zVEqKVcbgHaHB.jpeg,elefante,cane
dataset/raw-img\cavallo\OIP-ZVYoCUzFMAg9W0Mp0wGcZQAAAA.jpeg,cavallo,cavallo
dataset/raw-img\gallina\OIP-rL0V-1TP8VZTyupYhD0xXwHaHa.jpeg,gallina,gallina
dataset/raw-img\cane\OIP-PjPy46bt5G9sCWXWjJtEIgHaHC.jpeg,cane,cane
dataset/raw-img\farfalla\OIP-p42jbZosQ-lsEbCR5YncIAHaEo.jpeg,farfalla,farfalla
dataset/raw-img\pecora\OIP-Hc_6FkdOGKz0pHQsCNV3KwHaFj.jpeg,pecora,pecora
dataset/raw-img\pecora\OIP-U9eMZDAK4mhSEsJfpWWPUwHaFN.jpeg,pecora,pecora
dataset/raw-img\cavallo\OIP-GKKS5qU2e-sIz5zv7twwNAAAAA.jpeg,cavallo,cavallo
dataset/raw-img\ragno\OIP-QKv_Y5CtSFu78XOS0Df8VgHaFj.jpeg,ragno,ragno
dataset/raw-img\cane\OIP-38XnIrqYcFxWjwra3b1a2wHaJ3.jpeg,cane,cane
dataset/raw-img\cane\OIP-ZJ8Fnnp_r8c1S1jeciGhbAHaHH.jpeg,cane,cane
dataset/raw-img\mucca\OIP-z9UOSKTAtKdLibhxr75hCQHaGH.jpeg,mucca,mucca
dataset/raw-img\cane\OIP-WZ8jmYdHahySJ1yKVC_9zgHaEK.jpeg,cane,cane
dataset/raw-img\gallina\OIP-tXFnQqdV26v24idzWsKbXAHaEK.jpeg,gallina,scoiattolo
dataset/raw-img\cane\OIP-okXtN6JGsfz78QJD7LkFMwHaFz.jpeg,cane,cane
dataset/raw-img\gatto\1011.jpeg,gatto,ragno
dataset/raw-img\cavallo\OIP-mhdVio3Q-Nfg_5FFz4cWzgHaFY.jpeg,cavallo,cavallo
dataset/raw-img\mucca\OIP-FnW9nDJsBiZGFF_2--3vrQHaE7.jpeg,mucca,mucca
dataset/raw-img\ragno\OIP-dXlvazIB_AMdLOSEVJOghAHaE7.jpeg,ragno,ragno
dataset/raw-img\gallina\898.jpeg,gallina,gallina
dataset/raw-img\cane\OIP-rFyxtoWYc3OFCDoHYLdBugHaE7.jpeg,cane,cane
dataset/raw-img\cane\OIP-n90dhJPengHBDuSM-GNslwHaJt.jpeg,cane,cane
dataset/raw-img\scoiattolo\OIP-O7Gmsk2HZI3WekPz8gkumwHaE7.jpeg,scoiattolo,scoiattolo
dataset/raw-img\farfalla\ea36b30f2cf1013ed1584d05fb1d4e9fe777ead218ac104497f5c97faee9bdba_640.jpg,farfalla,farfalla
dataset/raw-img\pecora\OIP-nFVyPRwGCZdd2Xi2LfWk9wHaGO.jpeg,pecora,pecora
dataset/raw-img\cane\OIP-QTCMVhnj-618sSK3I22r7AHaEr.jpeg,cane,cane
dataset/raw-img\gatto\428.jpeg,gatto,gatto
dataset/raw-img\scoiattolo\OIP-kaRA13_l05ruqyREzOFSLAHaE8.jpeg,scoiattolo,scoiattolo
dataset/raw-img\cane\OIP-1jYMqXNvjLTPopIeJz4jMgHaFd.jpeg,cane,cane
dataset/raw-img\farfalla\OIP-3O-Ve7wpUcb9FjHkxOZHowHaHj.jpeg,farfalla,farfalla
dataset/raw-img\gallina\OIP-tGIy1WSiKHFzKukdm49JmgHaFG.jpeg,gallina,gallina
dataset/raw-img\scoiattolo\OIP-9f4Q8epBWewKV69neL3HOgHaFj.jpeg,scoiattolo,scoiattolo
dataset/raw-img\ragno\OIP-v50MWhz8cl1u3ZP6pCYTXQHaJ4.jpeg,ragno,ragno
dataset/raw-img\farfalla\OIP-Sgf25n9mjGJhME3eZWLbkQHaIp.jpeg,farfalla,farfalla
dataset/raw-img\cane\OIP-1XFM-0A5nIMIS2-3u84B3wHaJ3.jpeg,cane,mucca
dataset/raw-img\cavallo\OIP-IHYJQyLMKHaHQOGLjof3JwHaGw.jpeg,cavallo,cavallo
dataset/raw-img\gallina\OIP-_QSU2bYtEyAz4YP9DOED6gHaE7.jpeg,gallina,gallina
dataset/raw-img\mucca\OIP-16veXS7apUBgBszFe2KNxgHaE8.jpeg,mucca,mucca
dataset/raw-img\cavallo\OIP-izGTtGE2Z8XH5Noh4jEjSwHaFw.jpeg,cavallo,cavallo
dataset/raw-img\cane\OIP-hR847vkUJ6fvfCYeGwYwTgHaDt.jpeg,cane,cane
dataset/raw-img\farfalla\ea37b50628f1023ed1584d05fb1d4e9fe777ead218ac104497f5c97faee8b1b8_640.jpg,farfalla,farfalla
dataset/raw-img\farfalla\OIP-9Pc6vrl4U12BPhi_qmNNmgHaFo.jpeg,farfalla,farfalla
dataset/raw-img\mucca\OIP-yytX-O_uKfGYQnuYWKJZWAHaFj.jpeg,mucca,mucca
dataset/raw-img\pecora\OIP-cey94q_WcSmZcKYLd_7OHgHaFK.jpeg,pecora,pecora
dataset/raw-img\scoiattolo\OIP-mp5QL66RGV-dhOckWU1PXAHaHj.jpeg,scoiattolo,scoiattolo
dataset/raw-img\cane\OIP-fb0v-C5iLpNP-BD4lgIhYAHaHc.jpeg,cane,cane
dataset/raw-img\cane\OIP-4afqUHyJVlQjd2nk7EYIiQHaEK.jpeg,cane,mucca
dataset/raw-img\mucca\OIP-jvRGpgQqabFZdIZ14oYQjwHaEK.jpeg,mucca,mucca
dataset/raw-img\ragno\OIP-t1tGAHuEUf0grqKViMWHzgHaGS.jpeg,ragno,ragno
dataset/raw-img\cane\OIP-dHO8FhavGAIc-Tffc1k4jQHaHa.jpeg,cane,cane
dataset/raw-img\cane\OIP--j4ILLV3OBiP1WFx0l7GiQHaFc.jpeg,cane,cane
dataset/raw-img\mucca\OIP-3B58EuWSO1nq7LfW6K-UnQHaD4.jpeg,mucca,mucca
dataset/raw-img\cavallo\OIP-jV-31cNPDAcDwYYPwVUSggAAAA.jpeg,cavallo,mucca
dataset/raw-img\farfalla\OIP-zXRXv9uF7qQJ1qJuigjULwHaFj.jpeg,farfalla,farfalla
dataset/raw-img\cane\OIP-SjaaLC4SB_28PSPAWH8WMQHaE6.jpeg,cane,cane
dataset/raw-img\cavallo\OIP-2K_IlDt6pjnDyeh-bPsPXwHaFO.jpeg,cavallo,cavallo
dataset/raw-img\gatto\923.jpeg,gatto,gatto
dataset/raw-img\cavallo\OIP-N_4Dx4Y_6CJ1INXmLAXowAHaFJ.jpeg,cavallo,cavallo
dataset/raw-img\farfalla\ea36b0072ef6053ed1584d05fb1d4e9fe777ead218ac104497f5c97faee8b1b8_640.jpg,farfalla,farfalla
dataset/raw-img\gallina\60.jpeg,gallina,gallina
dataset/raw-img\gallina\563.jpeg,gallina,gallina
dataset/raw-img\ragno\OIP-IC5v7X7pxn62HlKRm1gRywHaHa.jpeg,ragno,ragno
dataset/raw-img\gallina\OIP-tV6xw8Ce8JoowuUQimlzzQHaHi.jpeg,gallina,gallina
dataset/raw-img\cane\OIP-GZ89F_t0bc-CdzrxK7jH5wAAAA.jpeg,cane,cane
dataset/raw-img\cane\OIP-I5gLe412sC2G0cm9OY_rMAHaE8.jpeg,cane,cane
dataset/raw-img\cane\OIP-tyPeZm1RSHdywCbxv2VtnwHaGh.jpeg,cane,cane
dataset/raw-img\scoiattolo\OIP-4lgu29QP_HqMeAg8je30GwAAAA.jpeg,scoiattolo,scoiattolo
dataset/raw-img\cavallo\OIP-ptTtB_aFOUuUd-fEn7gLVgHaJe.jpeg,cavallo,cavallo
dataset/raw-img\cavallo\OIP-cWw8igBXZ7vydROulUPg8QHaFk.jpeg,cavallo,cavallo
dataset/raw-img\gallina\OIP-hPPeN91guI9ITb4zLBGDpgHaFj.jpeg,gallina,gallina
dataset/raw-img\mucca\OIP-kaF_0SMubsvgF8wexWxz6AHaEo.jpeg,mucca,mucca
dataset/raw-img\scoiattolo\OIP-eo36_ZJfBuYewWVWBI4LWwHaFG.jpeg,scoiattolo,scoiattolo
dataset/raw-img\ragno\OIP-ii-be_mM_jQQodCnzAeTtwAAAA.jpeg,ragno,ragno
dataset/raw-img\scoiattolo\OIP-BBGP0XR5i5uWBYuPxsmIhwHaJ4.jpeg,scoiattolo,ragno
dataset/raw-img\cavallo\OIP-zFfKtZS1I-OIPb7-wCLcegHaEo.jpeg,cavallo,cavallo
dataset/raw-img\cavallo\OIP-zNFQQ9y8-0M9G1h2GuHm4gHaJ4.jpeg,cavallo,cavallo
dataset/raw-img\farfalla\OIP-mQ95c6Zv25CIbrWIi4_TnAHaEq.jpeg,farfalla,farfalla
dataset/raw-img\cane\OIP-7mf_-PhLWLRy9-LNseB4pwHaLH.jpeg,cane,cavallo
dataset/raw-img\ragno\OIP-F6GmcoAmoRSNAYJmWG64fwAAAA.jpeg,ragno,ragno
dataset/raw-img\farfalla\ea37b10e20f2053ed1584d05fb1d4e9fe777ead218ac104497f5c97faee8b1b8_640.jpg,farfalla,farfalla
dataset/raw-img\cavallo\OIP-y4rOk6frkDGnpN7cNMVSAAAAAA.jpeg,cavallo,cavallo
dataset/raw-img\ragno\OIP-5AenwC48vvo8cXOXHvr7iAAAAA.jpeg,ragno,ragno
dataset/raw-img\scoiattolo\OIP-5NLt6ysuPlqpfRbuDoeX7AHaFj.jpeg,scoiattolo,scoiattolo
dataset/raw-img\cavallo\OIP-OIW0B2FRl-N9rMCAwtJfbAAAAA.jpeg,cavallo,cavallo
dataset/raw-img\elefante\eb3cb20628f1053ed1584d05fb1d4e9fe777ead218ac104497f5c978a4eebdbd_640.jpg,elefante,elefante
dataset/raw-img\pecora\OIP-0v4Cp76n9i2ukl5pjpbMkQHaFL.jpeg,pecora,pecora
dataset/raw-img\elefante\OIP-b2jQJ-NekdHHdRC2ELN1GQHaE7.jpeg,elefante,elefante
dataset/raw-img\pecora\OIP-unxx7R-8F-EirvU7Aof_IAHaFj.jpeg,pecora,pecora
dataset/raw-img\elefante\e837b50f28f5003ed1584d05fb1d4e9fe777ead218ac104497f5c978a4eebdbd_640.jpg,elefante,elefante
dataset/raw-img\cavallo\OIP-5pXv46sUXNfQNoI1wTx-wwHaF7.jpeg,cavallo,cavallo
dataset/raw-img\ragno\OIP-ktgol0gQ3RmEcMgXxW7W8AHaFj.jpeg,ragno,ragno
dataset/raw-img\mucca\OIP-e5NV8vnsOcxr84EnpMIUjAHaFS.jpeg,mucca,mucca
dataset/raw-img\gallina\917.jpeg,gallina,gallina
dataset/raw-img\ragno\OIP-jIEaN8LOReeTuXfCwpvNTQHaFj.jpeg,ragno,ragno
dataset/raw-img\mucca\OIP-kdlXhwUDddVUlvFuaIslvgHaE7.jpeg,mucca,mucca
dataset/raw-img\gatto\1521.jpeg,gatto,gatto
dataset/raw-img\pecora\OIP-I2oR8pEQIcqEdlL-DJJI7wAAAA.jpeg,pecora,pecora
dataset/raw-img\farfalla\OIP-8jUH-Vusgcu2OtYXmH3NtQHaEK.jpeg,farfalla,farfalla
dataset/raw-img\cane\OIP-ToVSZOTlqjLEYU-59i0QlQHaEK.jpeg,cane,cane
dataset/raw-img\mucca\OIP-EzimT9JtKs3PXeQ77YWNcAAAAA.jpeg,mucca,mucca
dataset/raw-img\gallina\OIP-ARd29IX4UfHGAVoCrB90LQHaE8.jpeg,gallina,gallina
dataset/raw-img\gallina\OIP-f1VLPIk3sdGVriiG8p58PgHaFj.jpeg,gallina,scoiattolo
dataset/raw-img\cane\OIP-8E-TG6ZprHKku3tvWbQHtAHaEK.jpeg,cane,ragno
dataset/raw-img\gallina\700.jpeg,gallina,gallina
dataset/raw-img\gallina\OIP-ScS1TliiC_X6tRXk5OGkCwHaE8.jpeg,gallina,gallina
dataset/raw-img\cavallo\OIP-GOFwZcjkBnNGaRjcoYCoiwHaE7.jpeg,cavallo,cavallo
dataset/raw-img\cane\OIP--vdk8YHsIaofbEeP7fq_BAHaHa.jpeg,cane,gatto
dataset/raw-img\pecora\OIP-dP20hvkbgMSH8S-u_R8W_gHaFj.jpeg,pecora,pecora
dataset/raw-img\cane\OIP-hWXrg6VlWOQlEySr9Zb9aQHaHa.jpeg,cane,cane
dataset/raw-img\gatto\eb3cb60e2cfc063ed1584d05fb1d4e9fe777ead218ac104497f5c978a7ebb0bb_640.jpg,gatto,gatto
dataset/raw-img\scoiattolo\OIP-TvOAcQz_YUs_i6JjPxvGOQHaE8.jpeg,scoiattolo,scoiattolo
dataset/raw-img\cane\OIP-yOs7IBqMlgZvVbQjCcA4JQHaJL.jpeg,cane,cane
dataset/raw-img\cavallo\OIP-UkWPD9tFdF_iCyhSX49E8QHaH2.jpeg,cavallo,cavallo
dataset/raw-img\cane\OIP-nYhyJNvga8iz00NID1CP3AHaFj.jpeg,cane,cane
dataset/raw-img\mucca\OIP-lZgn79g977RAGfHehAulDwHaE8.jpeg,mucca,mucca
dataset/raw-img\cane\OIP-RsIOOZeH-LHhwu7ZAx-BNAHaGh.jpeg,cane,cane
dataset/raw-img\cane\OIP-bJvAWEapXnsx2VLNUjSa8wHaFj.jpeg,cane,cane
dataset/raw-img\cavallo\OIP-Sn34t6RYj5rH0MCuFUr_ZgHaFj.jpeg,cavallo,cavallo
dataset/raw-img\cane\OIP-LBk61xKG1utMLyGyu0rnnQHaE7.jpeg,cane,cane
dataset/raw-img\elefante\ea37b6092cf5053ed1584d05fb1d4e9fe777ead218ac104497f5c978a4efbcb0_640.jpg,elefante,elefante
dataset/raw-img\farfalla\OIP-tyjErKW3CBjGeS39RZ3TwwHaE8.jpeg,farfalla,farfalla
dataset/raw-img\scoiattolo\OIP-ebzVz-_ahm7ls1wMzzs15gHaGv.jpeg,scoiattolo,scoiattolo
dataset/raw-img\elefante\OIP-8Xbv6lcHBI2DlbcOEaRxeQHaFT.jpeg,elefante,elefante
dataset/raw-img\ragno\OIP-eTzn-vmK9AZulVLRDLB4kAHaE8.jpeg,ragno,ragno
dataset/raw-img\gallina\1125.jpeg,gallina,gallina
dataset/raw-img\cane\OIP-9RNWiP_IZYamO6flhaivYgHaHa.jpeg,cane,cane
dataset/raw-img\gallina\OIP-3NaFDc8p3X0kW_eMf8bk6gHaE8.jpeg,gallina,gallina
dataset/raw-img\pecora\OIP-o-76-oPVq2a327mm4PJ8BwAAAA.jpeg,pecora,pecora
dataset/raw-img\scoiattolo\OIP-uY5_QNIrjDPqpfSI-YZ2WgHaHL.jpeg,scoiattolo,scoiattolo
dataset/raw-img\gallina\OIP-_4ZaNQngcJr0fm-Gp-zHQAHaIn.jpeg,gallina,gallina
dataset/raw-img\cane\OIP-aE3ybs-PiEP5HDOycHpKBAHaE8.jpeg,cane,cane
dataset/raw-img\farfalla\OIP-VMkxGkSstr8toA38_IM8ywHaFj.jpeg,farfalla,farfalla
dataset/raw-img\gallina\OIP-50DJ49xaYiWWcoKe5PhDtwHaFj.jpeg,gallina,gallina
dataset/raw-img\cane\OIP-OPC2rKNOZfSJVxNFOQjoswHaE5.jpeg,cane,cane
dataset/raw-img\gatto\173.jpeg,gatto,gatto
dataset/raw-img\gallina\1215.jpeg,gallina,gallina
dataset/raw-img\cavallo\OIP-T_c6J5fKu8Q0z-psV-v4SQHaFZ.jpeg,cavallo,cavallo
dataset/raw-img\gatto\170.jpeg,gatto,gatto
dataset/raw-img\mucca\OIP-9gTFaTmu4tGFmiNPMCrQNAHaCc.jpeg,mucca,mucca
dataset/raw-img\cane\OIP-h4KkBhw6n4YoulIUT3PkbAHaFj.jpeg,cane,cane
dataset/raw-img\ragno\OIP-GEHP0ojJFgQ5XJw_NAfsjwHaF7.jpeg,ragno,ragno
dataset/raw-img\elefante\OIP-T5chVKvdz8npANXDEuNwwAHaE8.jpeg,elefante,elefante
dataset/raw-img\pecora\OIP-1-5zm3hc9w_HrPJVn2H0mgHaFj.jpeg,pecora,scoiattolo
dataset/raw-img\ragno\OIP--L8KVyguVz_MgL48PeQBNAHaFW.jpeg,ragno,ragno
dataset/raw-img\pecora\OIP-bR0buSrrEr5tok2Z6XQfgAHaEK.jpeg,pecora,pecora
dataset/raw-img\cane\OIP-uWxsvaqwKfsKxFqW067i6gHaFj.jpeg,cane,cane
dataset/raw-img\gallina\OIP-Mbh-v1Ff_pDL-y-OidBOyQHaHn.jpeg,gallina,gallina
dataset/raw-img\mucca\OIP-QUsz1G1YcAh6CrGIYLAqcAHaE5.jpeg,mucca,mucca
dataset/raw-img\scoiattolo\OIP-WXBW-YWWoukfgKBBw7f5BQHaE9.jpeg,scoiattolo,scoiattolo
dataset/raw-img\gallina\OIP-JZuax5e_u9qNu4Qbq5YwnwHaHh.jpeg,gallina,gallina
dataset/raw-img\mucca\OIP-ekq-w2inO2ZINJMIkna5RAAAAA.jpeg,mucca,mucca
dataset/raw-img\cavallo\OIP-Mz8CFHQlGQXfsxwEunEyawAAAA.jpeg,cavallo,cavallo
dataset/raw-img\gatto\1233.jpeg,gatto,gatto
dataset/raw-img\cane\OIP-h-gUH_7hlZUtjlARv0zmWwHaI2.jpeg,cane,cane
dataset/raw-img\elefante\OIP-4zDRsSsf6iD__ye4Qa8VMQHaFj.jpeg,elefante,elefante
dataset/raw-img\cane\OIP-kX_HywMflQUK80KbgLa9eAHaHa.jpeg,cane,cane
dataset/raw-img\gallina\OIP-b_yggMQBPcOYzLGuY6NvvQAAAA.jpeg,gallina,gallina
dataset/raw-img\elefante\OIP-dAz6q9RJIQe19DrQ9tpRnwHaGf.jpeg,elefante,elefante
dataset/raw-img\elefante\OIP-8N2KxQGvXBrNUzYtt-gflQHaHj.jpeg,elefante,elefante
dataset/raw-img\elefante\ea36b90d2bf1033ed1584d05fb1d4e9fe777ead218ac104497f5c978a4efb4bb_640.jpg,elefante,elefante
dataset/raw-img\cavallo\OIP-nOR7e5-ssfVaiw1D5UhUdwHaFk.jpeg,cavallo,cavallo
dataset/raw-img\gallina\582.jpeg,gallina,gallina
dataset/raw-img\gallina\OIP-2EP4-hEy5iFzhf2uLLMGvQHaE8.jpeg,gallina,gallina
dataset/raw-img\scoiattolo\OIP-5WG0rHWAZYtu0utoZfuaAgHaFj.jpeg,scoiattolo,scoiattolo
dataset/raw-img\farfalla\e834b20e2ef7073ed1584d05fb1d4e9fe777ead218ac104497f5c97faee9bdba_640.jpg,farfalla,farfalla
dataset/raw-img\gatto\ea36b70d2af0063ed1584d05fb1d4e9fe777ead218ac104497f5c978a7eebdbb_640.jpg,gatto,gatto
dataset/raw-img\ragno\OIP-_57MIKuQSclDyfJ3ODByaAHaFj.jpeg,ragno,ragno
dataset/raw-img\gallina\OIP-euONoM7dARNlfbOVfqmKIAAAAA.jpeg,gallina,gallina
dataset/raw-img\farfalla\OIP-7yn3DKg0ioOlfiFo_lkdvwHaH6.jpeg,farfalla,farfalla
dataset/raw-img\cane\OIP--S-Kzm1iB9TRHF7MpaJL3QHaEm.jpeg,cane,gatto
dataset/raw-img\mucca\OIP-Y6Wbzl2gI2dcGduo5FESSgAAAA.jpeg,mucca,mucca
dataset/raw-img\cane\OIP-1FT9qw5GK03bzZo8Kww5cwHaFj.jpeg,cane,cane
dataset/raw-img\gallina\OIP-k3ranxMe2d-8-KCRk660bwHaF1.jpeg,gallina,gallina
dataset/raw-img\farfalla\OIP-j_tLMflPJFtpgQO7X_7S8QHaFZ.jpeg,farfalla,farfalla
dataset/raw-img\ragno\OIP-ObBeU01CowwFA8stRy_fggHaE7.jpeg,ragno,ragno
dataset/raw-img\cavallo\OIP-pLwp1U9Ssz52asHHJG4E2gHaGV.jpeg,cavallo,cavallo
dataset/raw-img\pecora\OIP-ilh15TiQNjr00jzKVaMmRAHaFj.jpeg,pecora,pecora
dataset/raw-img\ragno\ea35b70d2ff3093ed1584d05fb1d4e9fe777ead218ac104497f5c97ca5ecb5b1_640.jpg,ragno,ragno
dataset/raw-img\cane\OIP-noZgtKctJ9YgugfwHACPngHaE7.jpeg,cane,cane
dataset/raw-img\ragno\OIP-GHPQmFP8Ec__YQZ_cgmD8AHaE7.jpeg,ragno,ragno
dataset/raw-img\cane\OIP-9tRMI-pCZ3ERnVXYF45RmQHaE8.jpeg,cane,cane
dataset/raw-img\ragno\OIP-Xm8U6PoCnTi0ksPoVi3R7QHaFC.jpeg,ragno,ragno
dataset/raw-img\gallina\576.jpeg,gallina,gallina
dataset/raw-img\pecora\OIP-xlJ7Bbj-tB9y3FnMROH0igHaII.jpeg,pecora,pecora
dataset/raw-img\elefante\eb3db00a2cf1063ed1584d05fb1d4e9fe777ead218ac104497f5c978a4efbcb0_640.jpg,elefante,elefante
dataset/raw-img\pecora\eb3cb00d2cf7033ed1584d05fb1d4e9fe777ead218ac104497f5c978a6ebb3bf_640.jpg,pecora,pecora
dataset/raw-img\gallina\OIP-mtGX5uHQrSuAhBXF6ndx3wHaGy.jpeg,gallina,gallina
dataset/raw-img\ragno\OIP-4dK6_G8d_dvH716pOYixOgHaFi.jpeg,ragno,ragno
dataset/raw-img\gallina\1035.jpeg,gallina,gallina
dataset/raw-img\cane\OIP-tb3HSLxrBJ6L1NDQah6uIgHaHa.jpeg,cane,cane
dataset/raw-img\gallina\OIP-dhOO_f_geXlqVIQLjn4H2wHaFj.jpeg,gallina,gallina
dataset/raw-img\pecora\ea34b7092ef7043ed1584d05fb1d4e9fe777ead218ac104497f5c978a6e8b0b1_640.jpg,pecora,pecora
dataset/raw-img\cane\OIP-MI-HDND0NNM0AAfr47o4FgHaHa.jpeg,cane,cane
dataset/raw-img\ragno\OIP-eHS3yPBn4lxdh_j8SAoIGwHaFj.jpeg,ragno,ragno
dataset/raw-img\pecora\OIP-NlWina6Qowuz_aXX7yBiLQHaFo.jpeg,pecora,pecora
dataset/raw-img\mucca\OIP-jWe6Ju98q0baCKyFnhVItAHaGE.jpeg,mucca,mucca
dataset/raw-img\mucca\OIP-qPrQYAE_yXwHeLhdK3IE1QAAAA.jpeg,mucca,mucca
dataset/raw-img\farfalla\OIP-OpZovaCPJKdXf0euxbj4FwHaE6.jpeg,farfalla,farfalla
dataset/raw-img\cane\OIP-Tno8uiGgs2SLYR_ShYskEAHaE7.jpeg,cane,cane
dataset/raw-img\gallina\OIP-VOJagJZmLSbf8yP5FgjebwHaGq.jpeg,gallina,gallina
dataset/raw-img\scoiattolo\OIP-a_Hsl6vrDWp4OI19iUy5kgHaLo.jpeg,scoiattolo,scoiattolo
dataset/raw-img\gallina\OIP-MMyFipKHc6dfUHUNtPLFGAHaH_.jpeg,gallina,gallina
dataset/raw-img\ragno\OIP--m4jnueJjrxYnNCSc1bsnwHaGI.jpeg,ragno,ragno
dataset/raw-img\ragno\OIP-1oJzoAItoGZ4tNccYgNSeQAAAA.jpeg,ragno,ragno
dataset/raw-img\cavallo\OIP-0XcDwOcu9bToP8b6wV2jAAHaF2.jpeg,cavallo,cavallo
dataset/raw-img\scoiattolo\OIP-KU900I-kS-tsT6EJAU1yAQHaGo.jpeg,scoiattolo,scoiattolo
dataset/raw-img\cane\OIP-urcaOtVQqOB28Dbia4_F5QAAAA.jpeg,cane,cane
dataset/raw-img\farfalla\OIP-_KpWu9kxE30jovKeO6yMlwHaGP.jpeg,farfalla,ragno
dataset/raw-img\cavallo\OIP-xuSE7c8cHRVtfr9o5eSl3AHaNJ.jpeg,cavallo,cavallo
dataset/raw-img\farfalla\OIP-d8wtub2M2snCOWEMDpqHJwHaD-.jpeg,farfalla,farfalla
dataset/raw-img\farfalla\e837b00720fc053ed1584d05fb1d4e9fe777ead218ac104497f5c97faee9bdba_640.jpg,farfalla,farfalla
dataset/raw-img\scoiattolo\OIP-6Ti8_CsyqCAL8uP-F2vPIQHaE8.jpeg,scoiattolo,scoiattolo
dataset/raw-img\ragno\OIP-RevqY_TkwRo-RGoEMT5JHgHaFT.jpeg,ragno,ragno
dataset/raw-img\gallina\OIP-sN5iTSes1VCaxfkoszn_1QHaFj.jpeg,gallina,gallina
dataset/raw-img\gatto\1840.jpeg,gatto,gatto
dataset/raw-img\cane\OIP--565fkAJy3DoFs81C9uE1QHaEY.jpeg,cane,mucca
dataset/raw-img\cavallo\OIP-D65shs_QaLjg8USfaWpNqAHaE8.jpeg,cavallo,cavallo
dataset/raw-img\ragno\OIP-oKvzg4-OO8KqbmXjtHdA0gHaFX.jpeg,ragno,ragno
dataset/raw-img\elefante\OIP-Ch4KMGkUQ44zRI6EgWCHAQHaE7.jpeg,elefante,elefante
dataset/raw-img\gatto\760.jpeg,gatto,gatto
dataset/raw-img\gallina\OIP-IPidKQRixdCiV61K3JmaQQHaEO.jpeg,gallina,gallina
dataset/raw-img\pecora\e830b1072ef6043ed1584d05fb1d4e9fe777ead218ac104497f5c978a6ebb3bf_640.jpg,pecora,pecora
dataset/raw-img\ragno\OIP-_ogHMpEVUU09GQNDJPUkygHaE7.jpeg,ragno,ragno
dataset/raw-img\ragno\eb33b00d2bf6073ed1584d05fb1d4e9fe777ead218ac104497f5c97ca5ecb5b1_640.jpg,ragno,ragno
dataset/raw-img\scoiattolo\OIP-AFv1xhsW1xJ2gBIvhGH41QHaEK.jpeg,scoiattolo,scoiattolo
dataset/raw-img\cane\OIP-NwZty-acVL-RUwvtGQzKlQHaE8.jpeg,cane,cane
dataset/raw-img\mucca\OIP--J6CeZMVXOrkZiMpXV8qWwHaE0.jpeg,mucca,mucca
dataset/raw-img\scoiattolo\OIP-_s7hp8AbJLmAh4w8T_f2UgHaHa.jpeg,scoiattolo,scoiattolo
dataset/raw-img\pecora\eb32b30b2af2003ed1584d05fb1d4e9fe777ead218ac104497f5c978a6ebb3bf_640.jpg,pecora,pecora
dataset/raw-img\farfalla\OIP-qjlt3yzv_YyF29BAVgFcIwHaFj.jpeg,farfalla,farfalla
dataset/raw-img\cane\OIP-iINERpcrbwd-kYi5n5obLgAAAA.jpeg,cane,cane
dataset/raw-img\cane\OIP-obILMl0vzTYTEePU67slRAHaE8.jpeg,cane,cane
dataset/raw-img\gallina\OIP-Q5xqk0Kyl42a4tRLKxM0sAHaHa.jpeg,gallina,gallina
dataset/raw-img\cavallo\OIP-XURY0RL0WJJJX58Q3TlzAAHaE7.jpeg,cavallo,cavallo
dataset/raw-img\ragno\OIP-0Tx1K6M4P0SvL0wH18Hk3AHaFj.jpeg,ragno,ragno
dataset/raw-img\gallina\OIP-PHElPlGJwIwPpyQTMKDkFAHaE9.jpeg,gallina,gallina
dataset/raw-img\ragno\OIP-xHbLj3-k_fiwCcfSgC8lPgHaKX.jpeg,ragno,ragno
dataset/raw-img\farfalla\ea36b40a21f6043ed1584d05fb1d4e9fe777ead218ac104497f5c97faee9bdba_640.jpg,farfalla,farfalla
dataset/raw-img\ragno\OIP-UvLLJP-iOQP-dJP8p1nIsQHaFj.jpeg,ragno,ragno
dataset/raw-img\gallina\OIP-b4o4cQr1nxlZa78ITNKj4AHaGY.jpeg,gallina,gallina
dataset/raw-img\elefante\ea35b80a2df1053ed1584d05fb1d4e9fe777ead218ac104497f5c978a4efb4bb_640.png,elefante,elefante
dataset/raw-img\mucca\OIP-Tb6pPRwBY4AWLvWhtWCGfQAAAA.jpeg,mucca,mucca
dataset/raw-img\gallina\OIP-368k-BqXdBhP-4aZ6tGHTwDnEs.jpeg,gallina,gallina
dataset/raw-img\ragno\OIP-FMzg6W9jaV4k_vh5yxlrxQHaGG.jpeg,ragno,ragno
dataset/raw-img\cavallo\OIP-MuD7TVUXq4IzCAhGBJ3rUAHaFC.jpeg,cavallo,cavallo
dataset/raw-img\gallina\OIP-a3C0qfFWCL_uk4hvXkYH8wHaKe.jpeg,gallina,gallina
dataset/raw-img\farfalla\OIP-YDmNBz4LvjEilNvRb5cDWQHaHa.jpeg,farfalla,farfalla
dataset/raw-img\scoiattolo\OIP-8neAcK83EstzWw5T7HhO5QHaE8.jpeg,scoiattolo,scoiattolo
dataset/raw-img\gatto\1295.jpeg,gatto,farfalla
dataset/raw-img\cavallo\OIP-i4Vs2nh6bioytEt-03u4sgHaFj.jpeg,cavallo,cavallo
dataset/raw-img\mucca\OIP-uD0INsqzerh5xp2Y6ZWKDAHaFS.jpeg,mucca,mucca
dataset/raw-img\cavallo\OIP-GAFHfdPWQ31Gbu6ygB1BIQHaFk.jpeg,cavallo,cavallo
dataset/raw-img\mucca\OIP-CfKgcdjQ-VUhnfQ74CRdEwHaFb.jpeg,mucca,mucca
dataset/raw-img\pecora\eb30b80d2bf4043ed1584d05fb1d4e9fe777ead218ac104497f5c978a6e8b0b1_640.jpg,pecora,pecora
dataset/raw-img\elefante\eb31b90e2bf6003ed1584d05fb1d4e9fe777ead218ac104497f5c978a4efbcb0_640.jpg,elefante,elefante
dataset/raw-img\scoiattolo\OIP-I9WplUfx51_Zvmatxp9j1wHaFj.jpeg,scoiattolo,scoiattolo
dataset/raw-img\cane\OIP-8wTKtRNirAq-KAE9vV1ihQHaE8.jpeg,cane,cane
dataset/raw-img\farfalla\OIP-mAQO2_ehTT-dKpmkasD6WgHaD4.jpeg,farfalla,farfalla
dataset/raw-img\scoiattolo\OIP-jYzWc-soIbWbg4CTOg78YwHaE6.jpeg,scoiattolo,scoiattolo
dataset/raw-img\gallina\OIP-ABcpdXXtmvhKAYas1vx8KwHaFk.jpeg,gallina,gallina
dataset/raw-img\farfalla\OIP-yAE2NMX23E1bMvcyPVKPmQHaE8.jpeg,farfalla,farfalla
dataset/raw-img\ragno\eb33b8082ff0083ed1584d05fb1d4e9fe777ead218ac104497f5c97ca5ecb5b1_640.jpg,ragno,ragno
dataset/raw-img\scoiattolo\OIP-t8_D9KMzWl1Txrv47uVDggHaE7.jpeg,scoiattolo,scoiattolo
dataset/raw-img\cane\OIP-gmnNMXeL9jx29L_h_GlPpgHaJ4.jpeg,cane,cane
dataset/raw-img\ragno\OIP-nuWMvLGMf1x4pe6At_9bSQAAAA.jpeg,ragno,ragno
dataset/raw-img\gallina\OIP-S_HlwIJ6LIeXtaVHF6SzygHaF7.jpeg,gallina,gallina
dataset/raw-img\cane\OIP-z3_7olrr6ZA_QUGxeeoGEAHaFj.jpeg,cane,cane
dataset/raw-img\gallina\168.jpeg,gallina,gallina
dataset/raw-img\gallina\OIP-KHcZZwSDjJUS4NkIaZ6-wAHaFJ.jpeg,gallina,gallina
dataset/raw-img\cane\OIP-aQrmk0NanExiYjym5D5sKAHaLM.jpeg,cane,cane
dataset/raw-img\pecora\OIP-PDC6R-VYJf1BYbsW7o80LwHaH2.jpeg,pecora,pecora
dataset/raw-img\ragno\OIP-GpYL7QtIn_0xfhMS-3CkVwHaFo.jpeg,ragno,ragno
dataset/raw-img\farfalla\ea35b2062bf5033ed1584d05fb1d4e9fe777ead218ac104497f5c97faeebb5bb_640.jpg,farfalla,farfalla
dataset/raw-img\cane\OIP-NFOKBzCHl4zJSQskoswiHgHaHa.jpeg,cane,cane
dataset/raw-img\cavallo\OIP-Yyh4VlT0b49km9bkiO1-dgHaGS.jpeg,cavallo,cavallo
dataset/raw-img\mucca\OIP-yX7rCcMC3JEr6T_Er_u5owHaEK.jpeg,mucca,mucca
dataset/raw-img\farfalla\OIP-nXp3D3FO22tV6SLkEFEtsAHaE7.jpeg,farfalla,farfalla
dataset/raw-img\cane\OIP-D7l20Dm3j0PbTxE4sDd5tgHaNK.jpeg,cane,cane
dataset/raw-img\farfalla\OIP-YbqBJUcrCLA8tLHrUYo-OAHaFj.jpeg,farfalla,farfalla
dataset/raw-img\ragno\OIP-cFY-X5FnE-NEU0-yf0Vu-gEMEs.jpeg,ragno,ragno
dataset/raw-img\farfalla\e134b50a2efc1c22d2524518b7444f92e37fe5d404b0144390f8c770a1edb6_640.jpg,farfalla,farfalla
dataset/raw-img\gallina\OIP-A5A5NAm6LQ0MIiukjJlDAAHaEK.jpeg,gallina,gallina
dataset/raw-img\ragno\OIP-qvtvlHWJipEiWVNNM6jy_wHaE7.jpeg,ragno,ragno
dataset/raw-img\ragno\OIP-9W6Fk4J5hc0QaSmP_vqduwHaGC.jpeg,ragno,ragno
dataset/raw-img\mucca\OIP-nM-A85Hvt9yQ3nvA2Sv_agHaGH.jpeg,mucca,mucca
dataset/raw-img\ragno\OIP-_p9cI41Xf79rdSfyBYcLPwHaE8.jpeg,ragno,ragno
dataset/raw-img\cavallo\OIP-wGq4cqbM8pFPMIt6V9cAQQHaFc.jpeg,cavallo,cavallo
dataset/raw-img\cane\OIP-p31fa3t87CqbnyVcgyzRggHaKW.jpeg,cane,cane
dataset/raw-img\cane\OIP-ANcaiVjpCkfTjHCpyDFBkQHaLD.jpeg,cane,ragno
dataset/raw-img\farfalla\ea37b8062afd053ed1584d05fb1d4e9fe777ead218ac104497f5c97faee8b1b8_640.jpg,farfalla,farfalla
dataset/raw-img\pecora\OIP-ZkLJCBJl_tUYOjVb29kOeQHaFj.jpeg,pecora,pecora
dataset/raw-img\cane\OIP-7UPTRs5rNYI1iObpVIlt5AHaH6.jpeg,cane,gatto
dataset/raw-img\gallina\OIP-3gSfe4O3T38uzLLJMA_GmQHaE7.jpeg,gallina,gallina
dataset/raw-img\farfalla\OIP-y7ONc_RIBeqYfcRFxNTi6QHaE9.jpeg,farfalla,farfalla
dataset/raw-img\scoiattolo\OIP-ZtyEFE8GseIcE5d63-2LmAAAAA.jpeg,scoiattolo,scoiattolo
dataset/raw-img\mucca\OIP-Ecf_2EWoZ0Mi1GhivZNSYQHaHa.jpeg,mucca,mucca
dataset/raw-img\cane\OIP-GwGaemlBFf7INqd1nIw-xQHaHH.jpeg,cane,cane
dataset/raw-img\gallina\OIP-ScJ7HRvH1TVOXwpAdmnMBwHaFt.jpeg,gallina,gallina
dataset/raw-img\gatto\1292.jpeg,gatto,scoiattolo
dataset/raw-img\gallina\OIP-7h5ThIQhAh8_qYaeZno93wHaFj.jpeg,gallina,gallina
dataset/raw-img\farfalla\OIP-Ex5FbZYBX9UA4OpCxJt-iQHaFD.jpeg,farfalla,farfalla
dataset/raw-img\gatto\644.jpeg,gatto,gatto
dataset/raw-img\cavallo\OIP-YBnniGSC8sqA4jkp9InGNQHaHa.jpeg,cavallo,cavallo
dataset/raw-img\ragno\OIP-BghfUH6i9ACrFPu28ihayAHaF5.jpeg,ragno,ragno
dataset/raw-img\elefante\OIP-xDNMDfAdG7DSnHcxPbB9WAHaGg.jpeg,elefante,elefante
dataset/raw-img\gallina\OIP-mWx9a7nxA35JRYkQ9zC_DAHaEK.jpeg,gallina,gallina
dataset/raw-img\farfalla\OIP-B6An886mqBID4Ow2yrmEngHaKg.jpeg,farfalla,ragno
dataset/raw-img\ragno\OIP-edMmYc1icp_B6nrPzsHm3wHaFj.jpeg,ragno,ragno
dataset/raw-img\cane\OIP-QwfBac2AN3WgixKGFKCQlwHaJ4.jpeg,cane,cane
dataset/raw-img\farfalla\ea36b6092ef2013ed1584d05fb1d4e9fe777ead218ac104497f5c97faee9bdba_640.jpg,farfalla,farfalla
dataset/raw-img\gallina\OIP-gpqmQiXUpQnSAalLuotTwgHaHJ.jpeg,gallina,gallina
dataset/raw-img\gatto\e836b80c28f3043ed1584d05fb1d4e9fe777ead218ac104497f5c978a7eebdbb_640.jpg,gatto,gatto
dataset/raw-img\gallina\OIP-fxcEtFUQp3RWD-CcdDoFaAAAAA.jpeg,gallina,gallina
dataset/raw-img\pecora\ea36b20621f0013ed1584d05fb1d4e9fe777ead218ac104497f5c978a6e8b0b1_640.jpg,pecora,pecora
dataset/raw-img\cane\OIP-e4HJNw2Mik2yCrlzBN20FwHaGJ.jpeg,cane,mucca
dataset/raw-img\cavallo\OIP-uWfEWRKGl3w8lwL7gvA3IgEsDw.jpeg,cavallo,cavallo
dataset/raw-img\gatto\1920.jpeg,gatto,gatto
dataset/raw-img\gallina\610.jpeg,gallina,gallina
dataset/raw-img\cane\OIP-1Ndw-pGpyJdTrXad4uonNAHaFz.jpeg,cane,cane
dataset/raw-img\ragno\OIP-pdPboJXoa5dfnl9prfiQ6wHaFj.jpeg,ragno,ragno
dataset/raw-img\ragno\OIP-F-CRlG4DhXEuA4pA9KgfRwHaE7.jpeg,ragno,ragno
dataset/raw-img\ragno\OIP-Arb3qbYqLtIa-5lES3IjVAHaEK.jpeg,ragno,ragno
dataset/raw-img\farfalla\OIP-u_laqlmVaFfhry5wQk0newHaE8.jpeg,farfalla,farfalla
dataset/raw-img\ragno\OIP-yOz-PbUNxp5CS-TJHGgLTwHaFj.jpeg,ragno,ragno
dataset/raw-img\gatto\421.jpeg,gatto,gatto
dataset/raw-img\cane\OIP-E40UTSm3zit11t4DyzzInQHaEK.jpeg,cane,cane
dataset/raw-img\gatto\1651.jpeg,gatto,gatto
dataset/raw-img\cavallo\OIP-leuAFc3XS_nmvV-jyZiZDgHaE6.jpeg,cavallo,mucca
dataset/raw-img\mucca\OIP-TrvSAaFipmsJEVfc9amq0QHaGB.jpeg,mucca,mucca
dataset/raw-img\mucca\OIP-fV2Q9bs2iwgZTJmKSBZYcAHaE7.jpeg,mucca,mucca
dataset/raw-img\gallina\OIP-smKDS_EtKGm0mwTp7vD2DwHaHw.jpeg,gallina,gallina
dataset/raw-img\cavallo\OIP-yPPD3M1EmCOpAs5KnERxTAHaF9.jpeg,cavallo,cavallo
dataset/raw-img\gallina\577.jpeg,gallina,gallina
dataset/raw-img\gallina\OIP-lbTqnAO7Vx1f5QgHdspzkgHaFj.jpeg,gallina,gallina
dataset/raw-img\farfalla\OIP-DTe5gCGgPG6OWhTtjsq7WAHaE1.jpeg,farfalla,farfalla
dataset/raw-img\farfalla\OIP-Z0rjiaXwaACAujNgPezbpQHaHa.jpeg,farfalla,farfalla
dataset/raw-img\ragno\OIP-xjyAFPhVJqREX6AfbEUfhgHaFj.jpeg,ragno,ragno
dataset/raw-img\ragno\OIP-evyJGFibs7pmU6zqzOtjcwEUEs.jpeg,ragno,ragno
dataset/raw-img\ragno\OIP-2Sdc1yIlmxOv2aHNG6cSsAHaD4.jpeg,ragno,ragno
dataset/raw-img\farfalla\OIP-KBL4TH1SUkMfaxNjrORJdQHaEo.jpeg,farfalla,farfalla
dataset/raw-img\mucca\OIP-iJ_PmuOktwla5BiRkAe8gAHaFV.jpeg,mucca,mucca
dataset/raw-img\mucca\OIP-_u4Bv8-JPxseOwAmNT2pIAHaE5.jpeg,mucca,mucca
dataset/raw-img\scoiattolo\OIP-Og7_7J0jJVPIWk5OSGKRrwEgDY.jpeg,scoiattolo,scoiattolo
dataset/raw-img\ragno\OIP-uJbB_LkRtCc2tphbTCJG3wHaGC.jpeg,ragno,ragno
dataset/raw-img\cane\OIP-9CJCX3DUKnsLyeTEhjP5wwHaFj.jpeg,cane,cane
dataset/raw-img\scoiattolo\OIP-nb08u0SgxFCyD8mimLWCawAAAA.jpeg,scoiattolo,scoiattolo
dataset/raw-img\gallina\OIP-ISIo4wjfwikZU3VKXlRABAHaEK.jpeg,gallina,gallina
dataset/raw-img\mucca\OIP-Qemchz5U9CHkoCVQRN9DfwHaFj.jpeg,mucca,mucca
dataset/raw-img\scoiattolo\OIP-h_q268s8bwYI3WHjG7sXKAHaFc.jpeg,scoiattolo,scoiattolo
dataset/raw-img\cane\OIP-55lzWkU0-r5AX_D_xu5JUAHaEK.jpeg,cane,gatto
dataset/raw-img\ragno\OIP-R7qckJRDWOAEsPmU-84PnwHaIu.jpeg,ragno,ragno
dataset/raw-img\cane\OIP-Jy3rQiS6SJwUjYIR26y3VQD2D9.jpeg,cane,cane
dataset/raw-img\ragno\OIP-5uXk5DsnFag4XB9fpKoWeAHaE6.jpeg,ragno,ragno
dataset/raw-img\mucca\OIP-ImemLtSKRGkGaH_OiO2LegAAAA.jpeg,mucca,mucca
dataset/raw-img\cavallo\OIP-nZSmIm9j5X7f-ZUU6udF7AHaFj.jpeg,cavallo,cavallo
dataset/raw-img\cavallo\OIP-3_DoKp1G1B3wxXf0vPq27AHaFJ.jpeg,cavallo,mucca
dataset/raw-img\farfalla\e832b70e2df21c22d2524518b7444f92e37fe5d404b0144390f8c770a2e9b5_640.jpg,farfalla,farfalla
dataset/raw-img\cane\OIP-a8Wb_2Qcy43whyQgFq9hlAHaFj.jpeg,cane,cane
dataset/raw-img\elefante\OIP-8kcWEmD_FA4wHJXpkXB4HQHaFj.jpeg,elefante,elefante
dataset/raw-img\ragno\OIP-eh8eD8Sy2vBthG_wh0XA-wHaE8.jpeg,ragno,ragno
dataset/raw-img\gatto\354.jpeg,gatto,gatto
dataset/raw-img\cavallo\OIP-cNmzrhoA_-wCUL1jBVvpJQHaE8.jpeg,cavallo,cavallo
dataset/raw-img\pecora\OIP-W5zpNHF2RiAD3vkFNHMz1AHaE7.jpeg,pecora,pecora
dataset/raw-img\cane\OIP-8s5kL5ETmSdt7XjoO-5J-gHaE7.jpeg,cane,cane
dataset/raw-img\cane\OIP-MMWmcncK2GhUPLcvSUDYHwHaFW.jpeg,cane,cane
dataset/raw-img\pecora\OIP-0746R0DvG2qyseYuws3QlwHaE8.jpeg,pecora,mucca
dataset/raw-img\cavallo\OIP-xgYVV7utpGt_5nk2sjZf6wHaGS.jpeg,cavallo,cavallo
dataset/raw-img\ragno\OIP-Jy1u8teMdFyU-GrVYCwgngHaGz.jpeg,ragno,ragno
dataset/raw-img\pecora\OIP-vQxkbSq7BJCeewrBC2BSCwHaFj.jpeg,pecora,pecora
dataset/raw-img\elefante\OIP-ZPRJ85QAzQ7hC4vp7vzErwHaE8.jpeg,elefante,elefante
dataset/raw-img\scoiattolo\OIP-26sJIg9yACYfTUaeZdAlbwHaFj.jpeg,scoiattolo,ragno
dataset/raw-img\cane\OIP-kMovJRk3WbCIRhEi3XoyLAHaF5.jpeg,cane,cane
dataset/raw-img\elefante\OIP-qlyo1xgIq9PKGE_Z8ugbkwHaFQ.jpeg,elefante,elefante
dataset/raw-img\cane\OIP-IH86cHaLjjY-2JP4EAAAZgHaEK.jpeg,cane,cane
dataset/raw-img\scoiattolo\OIP-r2sjj1UVDdKe2KndG-5rOAHaE8.jpeg,scoiattolo,scoiattolo
dataset/raw-img\ragno\OIP-VDgfKLdf1RwIACSxVdP2zQHaG5.jpeg,ragno,ragno
dataset/raw-img\gatto\93.jpeg,gatto,gatto
dataset/raw-img\cavallo\OIP-NR8-781QJ4ejjJdJWeSgHQHaFb.jpeg,cavallo,cavallo
dataset/raw-img\cane\OIP-hG5ceEaYCxwYq-uEIA1G8AHaFj.jpeg,cane,cane
dataset/raw-img\ragno\OIP-jwdmKQ5BKrZfG-jjTOUFeAEsEs.jpeg,ragno,ragno
dataset/raw-img\mucca\OIP-GiQ-om0WtP1wbV2tERDsvgHaD1.jpeg,mucca,mucca
dataset/raw-img\farfalla\OIP-y2rdXqLJdLQC4-3BkqfWXwHaH2.jpeg,farfalla,farfalla
dataset/raw-img\mucca\OIP-Hjyzf-Om8Jg9p8L36Z7epAHaFi.jpeg,mucca,mucca
dataset/raw-img\gallina\OIP-Zm4RTg3yDNaLWVMFKRHS2AHaHp.jpeg,gallina,gallina
dataset/raw-img\elefante\OIP-dbJVax69JjxcOPWfyHtmdwHaGJ.jpeg,elefante,elefante
dataset/raw-img\cane\OIP-K2IJLZ51b7jxUZ5BqbK8tQHaFj.jpeg,cane,cane
dataset/raw-img\gatto\1578.jpeg,gatto,gatto
dataset/raw-img\gallina\OIP-R6bwEvi7kba6UoMMsKO9kgHaEK.jpeg,gallina,gallina
dataset/raw-img\elefante\OIP-WWKX1rtCYVpSiVbSBxj79QHaFc.jpeg,elefante,elefante
dataset/raw-img\scoiattolo\OIP-zEUYFDm5HzhJ7-wwQ84RZAHaE8.jpeg,scoiattolo,scoiattolo
dataset/raw-img\cane\OIP-2cPNfKeXJlNGrx5DJprzEwHaJ7.jpeg,cane,cane
dataset/raw-img\gallina\OIP-WehJfzY92ekV4IFgsT8FiQHaFj.jpeg,gallina,gallina
dataset/raw-img\ragno\OIP-ssc6RSuOr8LFZEdOiW5FKgHaE0.jpeg,ragno,ragno
dataset/raw-img\cavallo\OIP-oap9gpcs2975WMby8jvLOwHaHb.jpeg,cavallo,cavallo
dataset/raw-img\gallina\OIP-BKNHngY76s9W4RWh1INgcQHaGl.jpeg,gallina,gallina
dataset/raw-img\elefante\eb37b20c2bf2093ed1584d05fb1d4e9fe777ead218ac104497f5c978a4efbcb0_640.jpg,elefante,elefante
dataset/raw-img\scoiattolo\OIP-1pK_piy_IfX78Logxs8QBwHaEc.jpeg,scoiattolo,scoiattolo
dataset/raw-img\ragno\OIP-vGzyOuclqPHrY9823vouqQHaE7.jpeg,ragno,ragno
dataset/raw-img\farfalla\OIP-2FgJOKj2FceQULIOc4qj-gHaHO.jpeg,farfalla,farfalla
dataset/raw-img\cane\OIP-Qh5oZ4rqot0o5n7pA2zMyQHaEK.jpeg,cane,cane
dataset/raw-img\elefante\OIP-CTCAYDCKqB3WBlJOXD3QgQHaEo.jpeg,elefante,pecora
dataset/raw-img\gallina\OIP-hnm1m1o1PVt8c23oge-jfwHaEK.jpeg,gallina,gallina
dataset/raw-img\farfalla\OIP-6-N4Hc_X2nRvkh4uaAtq2wHaFi.jpeg,farfalla,gallina
dataset/raw-img\gallina\OIP-XAAdpegltXKCpJ3VmaZZNQHaFj.jpeg,gallina,gallina
dataset/raw-img\cavallo\OIP-5pPz9BAgO0P5KnHQ5RwXzgAAAA.jpeg,cavallo,cavallo
dataset/raw-img\gallina\OIP-T4JmxiVI1lPTtVUGzFsq-wAAAA.jpeg,gallina,gallina
dataset/raw-img\scoiattolo\OIP-lTnk3ge8CYEcaNJIEqEIRQHaE8.jpeg,scoiattolo,scoiattolo
dataset/raw-img\ragno\OIP-gSIPPiMyDE4DbAqUjPXggQHaD6.jpeg,ragno,ragno
dataset/raw-img\gallina\OIP-8WI5eq75tPkAYD7wv_Ge6wHaHa.jpeg,gallina,gallina
dataset/raw-img\ragno\OIP-cc-8iONP1GqIb2I5ueLnzAHaIO.jpeg,ragno,ragno
dataset/raw-img\ragno\OIP-aV8q-2gD1B3hiHEW1FM9rgHaFc.jpeg,ragno,ragno
dataset/raw-img\cane\OIP-bqi9yp1JEHREY-Vn9ac23AHaNK.jpeg,cane,cane
dataset/raw-img\scoiattolo\OIP-ephKOxEDvOgeCQsOGmdvlQAAAA.jpeg,scoiattolo,scoiattolo
dataset/raw-img\scoiattolo\OIP-P5DM6QGaeI7ihKMBHrqEgwHaFT.jpeg,scoiattolo,scoiattolo
dataset/raw-img\gatto\ea37b90f2df0073ed1584d05fb1d4e9fe777ead218ac104497f5c978a7ebb0bb_640.jpg,gatto,gatto
dataset/raw-img\scoiattolo\OIP-CxWAYWaY6cPy4YRaKP-UPAHaEo.jpeg,scoiattolo,scoiattolo
dataset/raw-img\ragno\OIP-5fNKcQYN2Pysssb4V9FzXgHaFj.jpeg,ragno,ragno
dataset/raw-img\ragno\ea34b10c2ff2013ed1584d05fb1d4e9fe777ead218ac104497f5c97ca5ecb5b1_640.jpg,ragno,ragno
dataset/raw-img\ragno\OIP-kZvBVU8raxfVXYBvdRNfYgEsCy.jpeg,ragno,ragno
dataset/raw-img\cavallo\OIP-1FTXvCum9BW_1IiZtmBOYwHaJ4.jpeg,cavallo,cavallo
dataset/raw-img\cane\OIP-4nDGy5rhq9efJ8SmcE-PpwAAAA.jpeg,cane,cane
dataset/raw-img\mucca\OIP-8_zgdxfbHPditvk7dlI2ewHaHZ.jpeg,mucca,mucca
dataset/raw-img\cane\OIP-OVJcthsOvyewOfXQ4pL9zgHaEK.jpeg,cane,cane
dataset/raw-img\ragno\OIP-PT-W2ptAgfEEOXXVOueizwHaGD.jpeg,ragno,ragno
dataset/raw-img\cane\OIP-cz9ogXbrwPX7F71TBFrPCAHaE7.jpeg,cane,cane
dataset/raw-img\ragno\OIP-5otHq41TydNa3aEGLB1zRgHaFL.jpeg,ragno,ragno
dataset/raw-img\scoiattolo\OIP-utUn8wm35u54VZCq3CNZagHaFk.jpeg,scoiattolo,scoiattolo
dataset/raw-img\cane\OIP-GlZ8aa00gVQVgEao7JuYzgHaHJ.jpeg,cane,cane
dataset/raw-img\cane\OIP-ovbF6SoOTNWmfj4lchZBhQHaFj.jpeg,cane,cane
dataset/raw-img\farfalla\OIP-u2Y5YgsmdFwBJQfLB8K8xwHaFj.jpeg,farfalla,farfalla
dataset/raw-img\cavallo\OIP-kUunjIKLUHGydH1UcZ3LkQHaE7.jpeg,cavallo,cavallo
dataset/raw-img\cane\OIP-Ulz6-49jkP8QZV66jjqVVQHaE8.jpeg,cane,cane
dataset/raw-img\ragno\e830b90f20f5043ed1584d05fb1d4e9fe777ead218ac104497f5c97ca5ecb5b1_640.jpg,ragno,ragno
dataset/raw-img\gatto\299.jpeg,gatto,gatto
dataset/raw-img\gatto\1659.jpeg,gatto,gatto
dataset/raw-img\pecora\ea36b70f29f2013ed1584d05fb1d4e9fe777ead218ac104497f5c978a6e8b0b1_640.jpg,pecora,mucca
dataset/raw-img\cavallo\OIP-RqG4Po1v5T8LSGOhSh1rEQHaEo.jpeg,cavallo,cavallo
dataset/raw-img\pecora\ea37b4072bfc013ed1584d05fb1d4e9fe777ead218ac104497f5c978a6e8b0b1_640.jpg,pecora,pecora
dataset/raw-img\cane\OIP-BrtfiVNV3po1vVkptIn6RQHaGP.jpeg,cane,cane
dataset/raw-img\gallina\OIP-MguKGmehWzqSGQVYlB_paAHaFb.jpeg,gallina,gallina
dataset/raw-img\cane\OIP-GpRzU4WXpWaPj0V0jimwGAHaLH.jpeg,cane,cane
dataset/raw-img\scoiattolo\OIP-h7fjT1VBNrAivgGh6rQtVgHaEK.jpeg,scoiattolo,scoiattolo
dataset/raw-img\gatto\909.jpeg,gatto,gatto
dataset/raw-img\elefante\eb3cb8062ef3073ed1584d05fb1d4e9fe777ead218ac104497f5c978a4efbcb0_640.jpg,elefante,elefante
dataset/raw-img\cane\OIP-qEzQEjpT0w9K9rrYtz9m4QHaFj.jpeg,cane,cane
dataset/raw-img\gallina\OIP-e-L8tvJ7lX0IZDc9P4ajdgHaHs.jpeg,gallina,gallina
dataset/raw-img\pecora\OIP-rj-TRARK6_gifBddFjkiDwHaE6.jpeg,pecora,pecora
dataset/raw-img\pecora\OIP-oFlsAKeFZ3-MUfGVyrDIJwHaE8.jpeg,pecora,pecora
dataset/raw-img\farfalla\OIP-TXKjsmVemHqbENoyP08BuQAAAA.jpeg,farfalla,farfalla
dataset/raw-img\cane\OIP-BD6BCPkwvvf_Bmyro14ewgHaG_.jpeg,cane,cane
dataset/raw-img\cane\OIP-naMrKrHPLbABLO-JOUIj2QHaJ4.jpeg,cane,cane
dataset/raw-img\pecora\OIP-VsB7HJHiKaeP75qZ1sZpBAHaFj.jpeg,pecora,pecora
dataset/raw-img\pecora\OIP-7HtBKEscCnKwW-ZxdtAOqwHaHa.jpeg,pecora,pecora
dataset/raw-img\cane\OIP-atuQV_J4-dv6v7YAVIoK1AHaFj.jpeg,cane,cane
dataset/raw-img\cane\OIP-JqcqTMeVTKmyufgAZF3LCQHaF4.jpeg,cane,cane
dataset/raw-img\cane\OIP-UpN8EzbvvgUuwNY7SstBwAHaH_.jpeg,cane,cane
dataset/raw-img\cane\OIP-nYISNH31WMBgnbw5BRjTqgHaFb.jpeg,cane,cane
dataset/raw-img\farfalla\OIP-JACnjuWEkMe6uOIWb0N5TAHaE7.jpeg,farfalla,farfalla
dataset/raw-img\gatto\ea37b70f28f6053ed1584d05fb1d4e9fe777ead218ac104497f5c978a7ebb0bb_640.jpg,gatto,gatto
dataset/raw-img\ragno\OIP-r71hpYcA84jPhFL7RtfRXgHaF7.jpeg,ragno,scoiattolo
dataset/raw-img\scoiattolo\OIP-_QADUIj-ZwXUHDnTkLUivwHaJ_.jpeg,scoiattolo,scoiattolo
dataset/raw-img\ragno\OIP-umHdUiltTGtYLM2RUE0VsgHaHL.jpeg,ragno,ragno
dataset/raw-img\ragno\OIP-Hq1ddUF_xEyknGFIQJC4OQHaFP.jpeg,ragno,ragno
dataset/raw-img\pecora\e836b1092ef6093ed1584d05fb1d4e9fe777ead218ac104497f5c978a6eab2b0_640.jpg,pecora,pecora
dataset/raw-img\cane\OIP-28PFSwLTy6uy0DNGhAYkUgHaFQ.jpeg,cane,cane
dataset/raw-img\cane\OIP-WpOH5rU9s8p6CpLedNqlMQHaE7.jpeg,cane,cane
dataset/raw-img\scoiattolo\OIP-7d0n3Yba6eCedmKHm65VYgHaE8.jpeg,scoiattolo,scoiattolo
dataset/raw-img\scoiattolo\OIP-YLBNzdH1VeVPLNLUI-r3BQHaE0.jpeg,scoiattolo,scoiattolo
dataset/raw-img\pecora\ea35b90d2ef3023ed1584d05fb1d4e9fe777ead218ac104497f5c978a6ebb3bf_640.jpg,pecora,pecora
dataset/raw-img\cane\OIP-KbGb5Op6bGbqjxTnX2vRXAHaE7.jpeg,cane,cane
dataset/raw-img\mucca\OIP-ypbNKIAgs4kfBvQhoYWOrwHaE7.jpeg,mucca,mucca
dataset/raw-img\pecora\eb32b70c29f6003ed1584d05fb1d4e9fe777ead218ac104497f5c978a6ebb3bf_640.jpg,pecora,pecora
dataset/raw-img\scoiattolo\OIP-x3jsbWE986Zyz0Qjx2aMUAHaFV.jpeg,scoiattolo,scoiattolo
dataset/raw-img\scoiattolo\OIP-0OszTGTamFGGjvq8hxZcdQHaLF.jpeg,scoiattolo,scoiattolo
dataset/raw-img\gallina\OIP-pzNyovP6tRzAhHLMVZxJmAHaFq.jpeg,gallina,gallina
dataset/raw-img\cavallo\OIP-6avt0sHzhn5rD0Ime5Sc9QHaFY.jpeg,cavallo,cavallo
dataset/raw-img\gatto\1761.jpeg,gatto,gatto
dataset/raw-img\scoiattolo\OIP-NY40_M6QFF7Z0TtkWp1YhwHaE8.jpeg,scoiattolo,scoiattolo
dataset/raw-img\ragno\OIP-0VN6WtLBB0ffr4TOy9seqAHaE8.jpeg,ragno,ragno
dataset/raw-img\elefante\OIP-15QxpcIVAwp0S4LRzCBTFQHaE0.jpeg,elefante,pecora
dataset/raw-img\ragno\OIP-R3Xtfu1PCpoRmrZs_DBbzgHaFj.jpeg,ragno,ragno
dataset/raw-img\gatto\1481.jpeg,gatto,gatto
dataset/raw-img\farfalla\OIP-HPIzBy0hgutcFKL5vU0GowHaFj.jpeg,farfalla,farfalla
dataset/raw-img\elefante\eb34b10721f3013ed1584d05fb1d4e9fe777ead218ac104497f5c978a4eebdbd_640.jpg,elefante,elefante
dataset/raw-img\gatto\140.jpeg,gatto,gatto
dataset/raw-img\mucca\OIP-ZulddXMp7pWs-673SHd2cwHaG8.jpeg,mucca,mucca
dataset/raw-img\mucca\OIP-uIlpxvarnQL_Ejp3HYFc6gHaEK.jpeg,mucca,mucca
dataset/raw-img\gatto\1798.jpeg,gatto,gatto
dataset/raw-img\ragno\OIP-iEhN-1Oi1nLP-KCBeR85MgHaGY.jpeg,ragno,ragno
dataset/raw-img\mucca\OIP-15lW1zrbhXHtWlYA8ZXfOQHaFj.jpeg,mucca,elefante
dataset/raw-img\cane\OIP-IBm4la4-30B_-PlVRb0mlAHaIG.jpeg,cane,cane
dataset/raw-img\cane\OIP-nGuJV8ykrD7dE3L0WAY_WAHaJ4.jpeg,cane,cane
dataset/raw-img\cavallo\OIP-p8dIhZFxKBOK6W51yA8S4AHaFA.jpeg,cavallo,cavallo
dataset/raw-img\ragno\OIP-xJUDJvNIqlH0bfn0vPg0jgHaE7.jpeg,ragno,ragno
dataset/raw-img\elefante\OIP-2Mhonm4StO-gng99CnkyDQHaE8.jpeg,elefante,elefante
dataset/raw-img\cane\OIP-_9Lxo00CMS4A24iGLCkqbwHaFe.jpeg,cane,cane
dataset/raw-img\farfalla\OIP-fZSTMu_Acb-qq3K8JaWq_gHaHa.jpeg,farfalla,farfalla
dataset/raw-img\cane\OIP-vwGF3MmWkt0JxmyzE-J-OAHaEK.jpeg,cane,cane
dataset/raw-img\mucca\OIP-PVEwg9nT6cT-u2SFaLlw3AHaE8.jpeg,mucca,mucca
dataset/raw-img\pecora\OIP-GaYsAvLG-GLQoct8b6rHLQHaFj.jpeg,pecora,pecora
dataset/raw-img\cane\OIP-UQRRzO9KdXP6n8WfbR_bMgHaHk.jpeg,cane,cane
dataset/raw-img\pecora\eb3cb10b2ef3023ed1584d05fb1d4e9fe777ead218ac104497f5c978a6e8b0b1_640.jpg,pecora,pecora
dataset/raw-img\cavallo\OIP-m1BAOyYIeNP5PoE4kDsq8gHaFv.jpeg,cavallo,mucca
dataset/raw-img\pecora\OIP-_3bv1qt1iLMDK_zNqRHn7AHaE8.jpeg,pecora,pecora
dataset/raw-img\ragno\OIP-MmoKpEIgWJOoQZux8LtrcgHaGd.jpeg,ragno,ragno
dataset/raw-img\pecora\OIP-qxeQFZTOooIdk-uLkvGLhQHaF0.jpeg,pecora,pecora
dataset/raw-img\cane\OIP-AhJi8SGrXqVkwCc61Yil7wHaK4.jpeg,cane,cane
dataset/raw-img\ragno\OIP-QP7a-b5AFtkqBW0WrFDk_AHaHT.jpeg,ragno,ragno
dataset/raw-img\farfalla\OIP-Lsh4O_X6pwKN9VCq5y2TigHaJ4.jpeg,farfalla,farfalla
dataset/raw-img\scoiattolo\OIP-T5UGJ3Hkd4-KxTt6ozTeEAHaHv.jpeg,scoiattolo,scoiattolo
dataset/raw-img\pecora\OIP-yxR9WMZNwoPVoB6L4L2LVQHaGc.jpeg,pecora,pecora
dataset/raw-img\gallina\561.jpeg,gallina,scoiattolo
dataset/raw-img\cavallo\OIP-av7HsoT_14l3cT_I2riMbAHaHa.jpeg,cavallo,cavallo
dataset/raw-img\cane\OIP-BXmQVvrxxuVk3Y2NldRdpAHaEK.jpeg,cane,cane
dataset/raw-img\ragno\OIP-7_kPpFPoY2Qi4NXu1HWRqAHaHV.jpeg,ragno,ragno
dataset/raw-img\pecora\OIP-HbQLx2NiuELNIKkcEbpbDQHaHa.jpeg,pecora,pecora
dataset/raw-img\cane\OIP-lxdbeexOWdLe2LWc-tS1EAHaFp.jpeg,cane,cane
dataset/raw-img\cane\OIP-oiyde8DcJn6gdDvgltXaogAAAA.jpeg,cane,cane
dataset/raw-img\ragno\OIP-2XgaDONGM9FaXmfyzH4GcAHaF1.jpeg,ragno,ragno
dataset/raw-img\farfalla\OIP-QU7BVtk0UQ598nOSse9DBgAAAA.jpeg,farfalla,farfalla
dataset/raw-img\cane\OIP-M1q-5wYTb9U3QjqKzENJAwHaEF.jpeg,cane,cane
dataset/raw-img\gallina\OIP-NyAXEzXksq8lIt7CK71J2QHaE8.jpeg,gallina,gallina
dataset/raw-img\cane\OIP-glG2g2U9qyKYZn6CmvYIRQHaJJ.jpeg,cane,cane
dataset/raw-img\gatto\ea36b70b21fc023ed1584d05fb1d4e9fe777ead218ac104497f5c978a7eebdbb_640.jpg,gatto,gatto
dataset/raw-img\gallina\OIP-dxP9o7ahKjITwSu3hZYhQwHaEI.jpeg,gallina,gallina
dataset/raw-img\mucca\OIP-CUhFNKDy96Sbs7yy9j9rfAHaFD.jpeg,mucca,mucca
dataset/raw-img\cane\OIP-L8hRqnEsiLCj9-JLMlK9dQHaE7.jpeg,cane,cane
dataset/raw-img\ragno\ea34b90e2ef0063ed1584d05fb1d4e9fe777ead218ac104497f5c97ca5edb3bd_640.jpg,ragno,ragno
dataset/raw-img\ragno\OIP--fzvIpPV8wifP4jliArs5QHaEL.jpeg,ragno,ragno
dataset/raw-img\cavallo\OIP-_qNBuQS2EXVb5478ITl5wAAAAA.jpeg,cavallo,cavallo
dataset/raw-img\scoiattolo\OIP-NXcFoWCxQHgdtcD-cFQlLgHaEc.jpeg,scoiattolo,scoiattolo
dataset/raw-img\mucca\OIP-m5O-1yXatjOBC60ik76vmQHaFj.jpeg,mucca,mucca
dataset/raw-img\pecora\eb3cb00d20f3063ed1584d05fb1d4e9fe777ead218ac104497f5c978a6ebb3bf_640.jpg,pecora,pecora
dataset/raw-img\farfalla\OIP-GkbyXSju60WEae2olwaJ3wHaE8.jpeg,farfalla,farfalla
dataset/raw-img\gatto\707.jpeg,gatto,gatto
dataset/raw-img\cavallo\OIP-gOkl8jRPprA3IOeny4dqLQAAAA.jpeg,cavallo,cavallo
dataset/raw-img\ragno\OIP-WOkFjH2v6hXB0DWIJjK3GgAAAA.jpeg,ragno,ragno
dataset/raw-img\ragno\OIP-h48wpz1X1iG2r1Tbsq_etgHaGX.jpeg,ragno,ragno
dataset/raw-img\cane\OIP-49TXkdHCI0smpsnvB2Z2rwHaGw.jpeg,cane,cane
dataset/raw-img\cavallo\OIP-tpPwrVdXodFh0xyCs6C1AAHaEK.jpeg,cavallo,cavallo
dataset/raw-img\cane\OIP-WDPPYbAWTrPVEz5VP20GDAHaE8.jpeg,cane,cane
dataset/raw-img\cane\OIP-wjC5BF__qYpe1T6IqZCTMQHaFj.jpeg,cane,cane
dataset/raw-img\scoiattolo\OIP-SAtEQGxJVg0ajrMBiqLa0AHaKM.jpeg,scoiattolo,scoiattolo
dataset/raw-img\cane\OIP-Jh1fh6mEjVUg3F12BPo90gHaFj.jpeg,cane,cane
dataset/raw-img\ragno\OIP-UOjMsHdhBO6yFhsn-SJXIgHaFj.jpeg,ragno,ragno
dataset/raw-img\ragno\OIP-cLUuD4_MiB5RwGivfaWlMAHaGz.jpeg,ragno,ragno
dataset/raw-img\cane\OIP-ysblzRZIIJfG8SxaKU-xKwHaFj.jpeg,cane,scoiattolo
dataset/raw-img\mucca\OIP-tDTlhDgN1nhzejF8Bq8vWAHaJW.jpeg,mucca,mucca
dataset/raw-img\pecora\OIP-NpBoGMpp240AgHGhFFtTlgHaIO.jpeg,pecora,pecora
dataset/raw-img\ragno\OIP-YFyAL6frLpA7UopWeG1FJgHaE7.jpeg,ragno,ragno
dataset/raw-img\gatto\lucija-ros-538675-unsplash.jpg,gatto,gatto
dataset/raw-img\mucca\OIP-ca_wT6JXJpSA1jNvxj5vIQHaE7.jpeg,mucca,mucca
dataset/raw-img\pecora\OIP-ensV17BOAtrROib6Xtwo4gHaF4.jpeg,pecora,pecora
dataset/raw-img\pecora\OIP-pY7A8mB3-cCB5JayDew7gAHaGm.jpeg,pecora,pecora
dataset/raw-img\cane\OIP-hXgxzWYEe8ropW1BAUT04AHaFj.jpeg,cane,cane
dataset/raw-img\cane\OIP-RAbLeLQGHOsaRUk7eeuYeAHaFj.jpeg,cane,cane
dataset/raw-img\pecora\OIP-y7PQi9MNrhQFZuDIA3O_1wHaFj.jpeg,pecora,pecora
dataset/raw-img\pecora\OIP-FL5NICTvsBD2hvZlGuB8WQHaE2.jpeg,pecora,pecora
dataset/raw-img\cavallo\OIP-vNtvQb8FxTuqWLhuR21B7QHaE8.jpeg,cavallo,cavallo
dataset/raw-img\cane\OIP-LU-RV4Z0JYbLe8nuvfMXjAHaFc.jpeg,cane,cane
dataset/raw-img\pecora\OIP-xQZWGR40fZe2oT9QGy0EMwAAAA.jpeg,pecora,pecora
dataset/raw-img\mucca\OIP-5OsChyYNhJT6ivcXPLelEAHaED.jpeg,mucca,mucca
dataset/raw-img\cane\OIP-VCn5FQVYq3o4yuAGtm5FlwHaG4.jpeg,cane,cane
dataset/raw-img\cane\OIP-3IXqU1emuF_nmVh7JjBruwHaIp.jpeg,cane,cane
dataset/raw-img\ragno\OIP-SfxEClVREkuzNGvRjRc81QHaFj.jpeg,ragno,ragno
dataset/raw-img\farfalla\OIP-9OrxXJIQDxk4BNwVDF_LYAHaG2.jpeg,farfalla,farfalla
dataset/raw-img\ragno\OIP-LKJ1HbZXFgOCGHJxvp4lbgAAAA.jpeg,ragno,ragno
dataset/raw-img\ragno\OIP-q4xCgrmGBmtW74Lxvs-pFQHaFj.jpeg,ragno,ragno
dataset/raw-img\ragno\ea36b3092afd093ed1584d05fb1d4e9fe777ead218ac104497f5c97ca5edb3bd_640.jpg,ragno,ragno
dataset/raw-img\mucca\OIP-ZDgK7ytrgrX2FtKqYMyspAHaFN.jpeg,mucca,mucca
dataset/raw-img\scoiattolo\OIP-boIU2yC4mvXSrNaVGn7C1wHaFo.jpeg,scoiattolo,scoiattolo
dataset/raw-img\scoiattolo\OIP-aLShLGz9tMItGUHeoRpQ0gHaFj.jpeg,scoiattolo,scoiattolo
dataset/raw-img\gallina\OIP-VDkH85RO3ERj4YeKdRMWtgHaG4.jpeg,gallina,gallina
dataset/raw-img\ragno\ea36b40c28f2033ed1584d05fb1d4e9fe777ead218ac104497f5c97ca5edb3bd_640.jpg,ragno,ragno
dataset/raw-img\ragno\OIP-LVq809CLC4jt7aFL8xUgiwHaEK.jpeg,ragno,ragno
dataset/raw-img\gallina\OIP-9ERc6DGFRuYo33sENwBM6gAAAA.jpeg,gallina,gallina
dataset/raw-img\gallina\542.jpeg,gallina,gallina
dataset/raw-img\pecora\OIP-7qklrhJ7iwdf4YZGFLUV3wHaEw.jpeg,pecora,pecora
dataset/raw-img\pecora\OIP-kFiXdjx-f_pLDinYkkoIzwHaFj.jpeg,pecora,pecora
dataset/raw-img\ragno\OIP-15dZUn9iemKpLrIJEas7MwHaLG.jpeg,ragno,gallina
dataset/raw-img\pecora\OIP-SnPOejW7_ttm-jOA5W4UPwHaEK.jpeg,pecora,pecora
dataset/raw-img\elefante\OIP-2OLFS8uisKPMfnJyGDcyWAHaFj.jpeg,elefante,ragno
dataset/raw-img\cane\OIP-yrutVSSIu0pKoDGJm5cCXQHaF5.jpeg,cane,cane
dataset/raw-img\pecora\OIP-eNqKUmkPPsKgYcerNON9JAHaFi.jpeg,pecora,pecora
dataset/raw-img\ragno\OIP-259LsbWOMjxEieVas1qjjwHaFd.jpeg,ragno,ragno
dataset/raw-img\gallina\OIP-2CysOvCCiGpYktDJq7dsUAAAAA.jpeg,gallina,gallina
dataset/raw-img\ragno\OIP-EcBwehwooCBORsmW1hDq6gHaGm.jpeg,ragno,ragno
dataset/raw-img\elefante\OIP-GY5nQytlOPULX4HBQ4YCyAHaEK.jpeg,elefante,scoiattolo
dataset/raw-img\cavallo\OIP-Yav2Ku5YlBTTbSbxBqQibwHaEK.jpeg,cavallo,cavallo
dataset/raw-img\gatto\934.jpeg,gatto,gatto
dataset/raw-img\scoiattolo\OIP-mww3rSnlk6qyMJ5KJ5X5ugHaGV.jpeg,scoiattolo,scoiattolo
dataset/raw-img\cane\OIP-i2r1zlq85MV6-mXEZfqi-QHaFI.jpeg,cane,cane
dataset/raw-img\elefante\e835b50620f0073ed1584d05fb1d4e9fe777ead218ac104497f5c978a4efbcb0_640.png,elefante,elefante
dataset/raw-img\pecora\ea36b60f21f1033ed1584d05fb1d4e9fe777ead218ac104497f5c978a6e8b0b1_640.jpg,pecora,pecora
dataset/raw-img\cane\OIP-Ci-wQv34eUxY-MGHjsEB3gHaLJ.jpeg,cane,cane
dataset/raw-img\mucca\OIP-tDhk5o0hnhHElwXOF4FgpQHaFc.jpeg,mucca,mucca
dataset/raw-img\farfalla\OIP-xE9svqIRbB-AKLcJ8W2V4QHaFN.jpeg,farfalla,farfalla
dataset/raw-img\pecora\OIP-gS7ajgzWy8icJM5Vfa7VrgHaCq.jpeg,pecora,pecora
dataset/raw-img\cane\OIP-ysBAYy3a2FHEeEOtGMHzYQHaE4.jpeg,cane,cane
dataset/raw-img\ragno\e833b10920f3013ed1584d05fb1d4e9fe777ead218ac104497f5c97ca5ecb5b1_640.jpg,ragno,ragno
dataset/raw-img\ragno\OIP-yOVh_3_5oj1srhQ7uoDK6gHaFj.jpeg,ragno,ragno
dataset/raw-img\mucca\OIP-8PmnmK7F_vrfXwdo1ERnxAHaFj.jpeg,mucca,pecora
dataset/raw-img\farfalla\OIP-6l17Miua_qbj7DsCAZAO0gHaHa.jpeg,farfalla,farfalla
dataset/raw-img\pecora\OIP-9e6qXtwDDUo_wkv0m6WXPwHaKJ.jpeg,pecora,pecora
dataset/raw-img\elefante\OIP-SP0k6tc-baY4apiHtmkdygHaE8.jpeg,elefante,elefante
dataset/raw-img\ragno\OIP-HOYSj0IxfbC4gthTWT314AHaFH.jpeg,ragno,ragno
dataset/raw-img\farfalla\OIP-VSromYexR5Nw-z6IfQ6SlAHaFx.jpeg,farfalla,farfalla
dataset/raw-img\scoiattolo\OIP-nVLaJ1lApJZICGj7Xrgi2gHaEK.jpeg,scoiattolo,scoiattolo
dataset/raw-img\ragno\OIP-660c3Ul-LhsB9zKof7NJvgHaJK.jpeg,ragno,scoiattolo
dataset/raw-img\cane\OIP-H-tRkuRjks7kM-SjUfZZ0gHaE8.jpeg,cane,cane
dataset/raw-img\ragno\OIP-S2EXoTc5HlxAgnCSG42h6QHaFi.jpeg,ragno,ragno
dataset/raw-img\pecora\eb3db40d29f0003ed1584d05fb1d4e9fe777ead218ac104497f5c978a6ebb3bf_640.jpg,pecora,pecora
dataset/raw-img\ragno\OIP-5Sl02FGQTlaEGDUIJpywmgDMEy.jpeg,ragno,ragno
dataset/raw-img\ragno\OIP-6ENXh_nkZir-jQxUZl-85wHaKD.jpeg,ragno,ragno
dataset/raw-img\ragno\OIP-R7woZPafZk84xXr8dVGuBwHaFq.jpeg,ragno,ragno
dataset/raw-img\farfalla\OIP-gqhQ97VAAqXWDlx74cIjGAHaHa.jpeg,farfalla,farfalla
dataset/raw-img\gatto\1522.jpeg,gatto,gatto
dataset/raw-img\cane\OIP-ZsgJBfKIHpL34E1VQ3F-owAAAA.jpeg,cane,cane
dataset/raw-img\ragno\OIP-F1WMIjKFh92Cix9bKHwEEAAAAA.jpeg,ragno,ragno
dataset/raw-img\pecora\ea37b5092ff5083ed1584d05fb1d4e9fe777ead218ac104497f5c978a6e8b0b1_640.jpg,pecora,pecora
dataset/raw-img\elefante\ea35b9082bf5053ed1584d05fb1d4e9fe777ead218ac104497f5c978a4efbcb0_640.jpg,elefante,elefante
dataset/raw-img\pecora\OIP--SmXJlkSW5VPiDpIRt9PFQHaFj.jpeg,pecora,pecora
dataset/raw-img\cane\OIP-DKhmoy5i2AwlTnlUSMxy3gHaHa.jpeg,cane,cane
dataset/raw-img\mucca\OIP-r86kmgRrTQ64DoBAUlQHLgHaFj.jpeg,mucca,mucca
dataset/raw-img\cane\OIP-IsQAzXrEoBzcQw0rbjH7CQHaHI.jpeg,cane,cane
dataset/raw-img\farfalla\OIP-5KoXOr9cyg9JHzSZ65V0lAAAAA.jpeg,farfalla,farfalla
dataset/raw-img\ragno\OIP-axHKu0wjgmDqarkUU-G9JwHaE7.jpeg,ragno,ragno
dataset/raw-img\scoiattolo\OIP-B70g1YMzLXJFlqoB-Wt6pAHaFE.jpeg,scoiattolo,scoiattolo
dataset/raw-img\pecora\ea35b2062ef2073ed1584d05fb1d4e9fe777ead218ac104497f5c978a6e8b0b1_640.jpg,pecora,pecora
dataset/raw-img\ragno\OIP-QSKQmZFGXNsRxhk_W6fRFQHaFV.jpeg,ragno,ragno
dataset/raw-img\gallina\OIP-oFQg19f3br83NCCdpwqFBgHaHN.jpeg,gallina,gallina
dataset/raw-img\ragno\ea37b90e2df4063ed1584d05fb1d4e9fe777ead218ac104497f5c97ca5edb3bd_640.jpg,ragno,ragno
dataset/raw-img\ragno\OIP-b1dWSVMeN2Umg38kkByl4QHaFq.jpeg,ragno,ragno
dataset/raw-img\gallina\OIP-x8UDEPzZFdaklbBY4wlFSgHaF4.jpeg,gallina,gallina
dataset/raw-img\pecora\OIP-WwZkQrl2-P6yALElziRuoQHaE8.jpeg,pecora,pecora
dataset/raw-img\ragno\OIP-vxrVG6aDZQvUXunlFzrtUwHaE7.jpeg,ragno,ragno
dataset/raw-img\farfalla\OIP-eq7LzPLESsGVSQ38Dz-VHwHaE7.jpeg,farfalla,farfalla
dataset/raw-img\elefante\OIP-iCO1-oZ-ImV1i4BWzsphdQHaFj.jpeg,elefante,elefante
dataset/raw-img\cane\OIP-cHey5gRWsRsaAeHZpuo8WwHaEq.jpeg,cane,cane
dataset/raw-img\pecora\ea36b10a2bf5093ed1584d05fb1d4e9fe777ead218ac104497f5c978a6e8b0b1_640.jpg,pecora,pecora
dataset/raw-img\ragno\OIP-6koJdnsK5ZFd2q9FLjK2-gHaFU.jpeg,ragno,ragno
dataset/raw-img\ragno\OIP--r-6RJEZBi7lvoSii9HcwgHaF4.jpeg,ragno,ragno
dataset/raw-img\cane\OIP-LRi1gHApqJMF9G6HfA-iUwHaJ4.jpeg,cane,cane
dataset/raw-img\cane\OIP-6aI8pgEPsGojn1UTh_cb7wHaE7.jpeg,cane,cane
dataset/raw-img\pecora\OIP-m6TPcjCpqkw4RwYuNsFobAHaFj.jpeg,pecora,pecora
dataset/raw-img\farfalla\OIP-KvigdEY7kF-XmXbsIDnlaQHaHa.jpeg,farfalla,farfalla
dataset/raw-img\cane\OIP-0UAigJHv06nPXPpNhjD9LAHaEJ.jpeg,cane,scoiattolo
dataset/raw-img\scoiattolo\OIP-BviLRfEvmGwMvjEfTI7hbQHaE0.jpeg,scoiattolo,scoiattolo
